Player,Cap Hit,Age,Handed,Clause
Nathan MacKinnon,"$12,600,000 ",27,Right,NMC
Connor McDavid,"$12,500,000 ",26,Left,NMC
Artemi Panarin,"$11,642,857 ",31,Right,NMC
Auston Matthews,"$11,640,250 ",25,Left,NMC
Erik Karlsson,"$11,500,000 ",33,Right,NMC
David Pastrnak,"$11,250,000 ",27,Right,NMC
Drew Doughty,"$11,000,000 ",33,Right,M-NTC
John Tavares,"$11,000,000 ",32,Left,NMC
Mitchell Marner,"$10,903,000 ",26,Right,NMC
Jonathan Huberdeau,"$10,500,000 ",30,Left,NMC
Carey Price,"$10,500,000 ",35,Left,NMC
Aleksander Barkov,"$10,000,000 ",27,Left,NMC
Jack Eichel,"$10,000,000 ",26,Right,NMC
Sergei Bobrovsky,"$10,000,000 ",34,Left,NMC
Anze Kopitar,"$10,000,000 ",35,Left,NMC
Tyler Seguin,"$9,850,000 ",31,Right,NMC
Johnny Gaudreau,"$9,750,000 ",29,Left,NMC
Zachary Werenski,"$9,583,333 ",25,Left,NMC
Alex Ovechkin,"$9,500,000 ",37,Right,"M-NTC, NMC"
Mark Stone,"$9,500,000 ",31,Right,NMC
Adam Fox,"$9,500,000 ",25,Right,
Seth Jones,"$9,500,000 ",28,Right,NMC
Brayden Point,"$9,500,000 ",27,Right,NMC
Charlie McAvoy,"$9,500,000 ",25,Right,
Jamie Benn,"$9,500,000 ",33,Left,NMC
Andrei Vasilevskiy,"$9,500,000 ",28,Left,NMC
Matthew Tkachuk,"$9,500,000 ",25,Left,NMC
Nikita Kucherov,"$9,500,000 ",30,Left,NMC
Mikko Rantanen,"$9,250,000 ",26,Left,M-NTC
Darnell Nurse,"$9,250,000 ",28,Left,NMC
Nicklas Bäckström,"$9,200,000 ",35,Left,M-NTC
Mathew Barzal,"$9,150,000 ",26,Right,
Roman Josi,"$9,059,000 ",33,Left,NMC
Kirill Kaprizov,"$9,000,000 ",26,Left,
Jeff Skinner,"$9,000,000 ",31,Left,NMC
Cale Makar,"$9,000,000 ",24,Right,
Dougie Hamilton,"$9,000,000 ",30,Right,NMC
Timo Meier,"$8,800,000 ",26,Left,
Alex Pietrangelo,"$8,800,000 ",33,Right,NMC
Sidney Crosby,"$8,700,000 ",35,Left,NMC
Dylan Larkin,"$8,700,000 ",26,Left,NTC
Patrik Laine,"$8,700,000 ",25,Right,M-NTC
Mika Zibanejad,"$8,500,000 ",30,Right,NMC
Pierre-Luc Dubois,"$8,500,000 ",25,Left,
Filip Forsberg,"$8,500,000 ",28,Right,NMC
Bo Horvat,"$8,500,000 ",28,Left,NTC
Steven Stamkos,"$8,500,000 ",33,Right,NMC
Leon Draisaitl,"$8,500,000 ",27,Left,"M-NTC, NMC"
Mikhail Sergachev,"$8,500,000 ",25,Left,
Sebastian Aho,"$8,460,250 ",25,Left,
Roope Hintz,"$8,450,000 ",26,Left,
Miro Heiskanen,"$8,450,000 ",23,Left,
Tim Stützle,"$8,350,000 ",21,Left,
Jakub Voracek,"$8,250,000 ",33,Left,
Brady Tkachuk,"$8,205,714 ",23,Left,
Tomas Hertl,"$8,137,500 ",29,Left,NMC
Jordan Kyrou,"$8,125,000 ",25,Right,
Robert Thomas,"$8,125,000 ",23,Right,
Thomas Chabot,"$8,000,000 ",26,Left,
Ryan Johansen,"$8,000,000 ",30,Right,
John Carlson,"$8,000,000 ",33,Right,M-NTC
Jacob Trouba,"$8,000,000 ",29,Right,NMC
Logan Couture,"$8,000,000 ",34,Left,M-NTC
Jack Hughes,"$8,000,000 ",22,Left,
Brent Burns,"$8,000,000 ",38,Right,M-NTC
J.T. Miller,"$8,000,000 ",30,Left,NMC
Joshua Norris,"$7,950,000 ",24,Left,
Jesper Bratt,"$7,875,000 ",24,Left,
Alex DeBrincat,"$7,875,000 ",25,Right,
Nick Suzuki,"$7,875,000 ",23,Right,
Victor Hedman,"$7,875,000 ",32,Left,M-NTC
Kevin Fiala,"$7,875,000 ",26,Left,NMC
Shea Weber,"$7,857,143 ",37,Right,
Quinn Hughes,"$7,850,000 ",23,Left,
Cole Caufield,"$7,850,000 ",22,Right,
Evgeny Kuznetsov,"$7,800,000 ",31,Left,M-NTC
Dmitry Orlov,"$7,750,000 ",31,Left,
Jason Robertson,"$7,750,000 ",23,Left,
Andrei Svechnikov,"$7,750,000 ",23,Left,
Sean Couturier,"$7,750,000 ",30,Left,NMC
Jared Spurgeon,"$7,575,000 ",33,Right,NMC
Aaron Ekblad,"$7,500,000 ",27,Right,NMC
Morgan Rielly,"$7,500,000 ",29,Left,NMC
Elias Pettersson,"$7,350,000 ",24,Left,
Vince Dunn,"$7,350,000 ",26,Left,
Nico Hischier,"$7,250,000 ",24,Left,
Clayton Keller,"$7,150,000 ",24,Left,
Kyle Connor,"$7,142,857 ",26,Left,
Tage Thompson,"$7,142,857 ",25,Right,
Kevin Hayes,"$7,142,857 ",31,Left,M-NTC
Dylan Cozens,"$7,100,000 ",22,Right,
Gabriel Landeskog,"$7,000,000 ",30,Left,NMC
Nazem Kadri,"$7,000,000 ",32,Left,NMC
Matthew Boldy,"$7,000,000 ",22,Left,
Anders Lee,"$7,000,000 ",32,Left,NTC
Marc-Édouard Vlasic,"$7,000,000 ",36,Left,M-NTC
Troy Terry,"$7,000,000 ",25,Right,
William Nylander,"$6,962,366 ",27,Right,M-NTC
Brent Seabrook,"$6,875,000 ",38,Right,M-NTC
Ivan Provorov,"$6,750,000 ",26,Left,
Ryan McDonagh,"$6,750,000 ",34,Left,NTC
Brock Boeser,"$6,650,000 ",26,Right,
Hampus Lindholm,"$6,500,000 ",29,Left,"NTC, NMC"
Justin Faulk,"$6,500,000 ",31,Right,NTC
Brayden Schenn,"$6,500,000 ",31,Left,NTC
Chris Kreider,"$6,500,000 ",32,Left,NMC
Torey Krug,"$6,500,000 ",32,Left,NTC
Sam Reinhart,"$6,500,000 ",27,Right,
Cam Fowler,"$6,500,000 ",31,Left,M-NTC
Brendan Gallagher,"$6,500,000 ",31,Right,"M-NTC, NMC"
Colton Parayko,"$6,500,000 ",30,Right,NTC
Claude Giroux,"$6,500,000 ",35,Right,NMC
John Gibson,"$6,400,000 ",29,Left,M-NTC
Anthony Cirelli,"$6,250,000 ",25,Left,
Travis Sanheim,"$6,250,000 ",27,Left,NTC
Ryan Ellis,"$6,250,000 ",32,Right,
Matt Murray,"$6,250,000 ",29,Left,M-NTC
Mattias Ekholm,"$6,250,000 ",33,Left,
Alex Killorn,"$6,250,000 ",33,Left,NTC
Jeff Petry,"$6,250,000 ",35,Right,"M-NTC, NMC"
Joshua Morrissey,"$6,250,000 ",28,Left,NMC
MacKenzie Weegar,"$6,250,000 ",29,Right,NTC
Damon Severson,"$6,250,000 ",28,Right,NTC
Connor Hellebuyck,"$6,166,666 ",30,Left,
Ryan Pulock,"$6,150,000 ",28,Right,NTC
Valeri Nichushkin,"$6,125,000 ",28,Left,NMC
Mark Scheifele,"$6,125,000 ",30,Right,M-NTC
Brad Marchand,"$6,125,000 ",35,Left,M-NTC
Evgeni Malkin,"$6,100,000 ",36,Left,NMC
Kris Letang,"$6,100,000 ",36,Right,NMC
Jacob Markström,"$6,000,000 ",33,Left,NMC
Jordan Binnington,"$6,000,000 ",29,Left,NTC
Mats Zuccarello,"$6,000,000 ",35,Left,"M-NTC, NMC"
Rasmus Dahlin,"$6,000,000 ",23,Left,
Tyler Myers,"$6,000,000 ",33,Right,M-NTC
Jonas Brodin,"$6,000,000 ",29,Left,NMC
Jake Guentzel,"$6,000,000 ",28,Left,M-NTC
Ondrej Palat,"$6,000,000 ",32,Left,NMC
Nikolaj Ehlers,"$6,000,000 ",27,Left,M-NTC
Taylor Hall,"$6,000,000 ",31,Left,"M-NTC, NMC"
Brock Nelson,"$6,000,000 ",31,Left,M-NTC
Nate Schmidt,"$5,950,000 ",31,Left,M-NTC
William Karlsson,"$5,900,000 ",30,Left,M-NTC
Philipp Grubauer,"$5,900,000 ",31,Left,NTC
Vladislav Gavrikov,"$5,875,000 ",27,Left,NMC
Neal Pionk,"$5,875,000 ",27,Right,M-NTC
Cam Atkinson,"$5,875,000 ",34,Right,M-NTC
Nick Schmaltz,"$5,850,000 ",27,Right,M-NTC
Adam Henrique,"$5,825,000 ",33,Left,M-NTC
Esa Lindell,"$5,800,000 ",29,Left,NMC
Andrew Mangiapane,"$5,800,000 ",27,Left,M-NTC
Pavel Buchnevich,"$5,800,000 ",28,Left,M-NTC
T.J. Oshie,"$5,750,000 ",36,Right,M-NTC
Adam Pelech,"$5,750,000 ",28,Left,NTC
Anthony Mantha,"$5,700,000 ",28,Left,
Igor Shesterkin,"$5,666,667 ",27,Left,M-NTC
Vincent Trocheck,"$5,625,000 ",29,Right,NMC
Jake Muzzin,"$5,625,000 ",34,Left,M-NTC
Andrew Copp,"$5,625,000 ",28,Left,M-NTC
Tyler Bertuzzi,"$5,500,000 ",28,Left,NMC
Travis Konecny,"$5,500,000 ",26,Right,
André Burakovsky,"$5,500,000 ",28,Left,M-NTC
Jaden Schwartz,"$5,500,000 ",31,Left,NMC
Andrei Kuzmenko,"$5,500,000 ",27,Right,M-NTC
Josh Anderson,"$5,500,000 ",29,Right,M-NTC
Zach Hyman,"$5,500,000 ",31,Right,NMC
Jordan Eberle,"$5,500,000 ",33,Right,M-NTC
Adrian Kempe,"$5,500,000 ",26,Left,
Phillip Danault,"$5,500,000 ",30,Left,NMC
Oliver Bjorkstrand,"$5,400,000 ",28,Right,M-NTC
Elvis Merzlikins,"$5,400,000 ",29,Left,M-NTC
Teuvo Teräväinen,"$5,400,000 ",28,Left,M-NTC
Tristan Jarry,"$5,375,000 ",28,Left,M-NTC
Mikael Backlund,"$5,350,000 ",34,Left,M-NTC
Jaccob Slavin,"$5,300,000 ",29,Left,M-NTC
Jason Zucker,"$5,300,000 ",31,Left,
Bryan Little,"$5,291,667 ",35,Right,M-NTC
Brady Skjei,"$5,250,000 ",29,Left,M-NTC
Alec Martinez,"$5,250,000 ",35,Left,M-NTC
Darcy Kuemper,"$5,250,000 ",33,Left,M-NTC
Jakub Vrána,"$5,250,000 ",27,Left,
Jakob Silfverberg,"$5,250,000 ",32,Right,M-NTC
Charlie Coyle,"$5,250,000 ",31,Right,"M-NTC, NMC"
Joel Eriksson Ek,"$5,250,000 ",26,Left,
Shea Theodore,"$5,200,000 ",27,Left,M-NTC
Erik Cernak,"$5,200,000 ",26,Right,
Tom Wilson,"$5,166,667 ",29,Right,M-NTC
Yanni Gourde,"$5,166,666 ",31,Left,M-NTC
Evander Kane,"$5,125,000 ",31,Left,NMC
Bryan Rust,"$5,125,000 ",31,Right,NMC
Ryan Nugent-Hopkins,"$5,125,000 ",30,Left,NMC
J.T. Compher,"$5,100,000 ",28,Right,M-NTC
Rasmus Ristolainen,"$5,100,000 ",28,Right,
Jean-Gabriel Pageau,"$5,000,000 ",30,Right,M-NTC
Linus Ullmark,"$5,000,000 ",29,Left,M-NTC
Ivan Barbashev,"$5,000,000 ",27,Left,M-NTC
Jonathan Marchessault,"$5,000,000 ",32,Right,M-NTC
TJ Brodie,"$5,000,000 ",33,Left,M-NTC
Mikael Granlund,"$5,000,000 ",31,Left,
Kyle Palmieri,"$5,000,000 ",32,Right,M-NTC
Thatcher Demko,"$5,000,000 ",27,Left,
Ryan Strome,"$5,000,000 ",29,Right,
Jared McCann,"$5,000,000 ",27,Left,M-NTC
Rickard Rakell,"$5,000,000 ",30,Right,M-NTC
Cal Petersen,"$5,000,000 ",28,Right,M-NTC
Tyler Johnson,"$5,000,000 ",32,Right,M-NTC
Vladimir Tarasenko,"$5,000,000 ",31,Left,NTC
Jack Campbell,"$5,000,000 ",31,Left,M-NTC
Robin Lehner,"$5,000,000 ",31,Left,M-NTC
Juuse Saros,"$5,000,000 ",28,Left,
Reilly Smith,"$5,000,000 ",32,Left,M-NTC
Samuel Girard,"$5,000,000 ",25,Left,
Joel Farabee,"$5,000,000 ",23,Left,
Dylan Strome,"$5,000,000 ",26,Left,
Drake Batherson,"$4,975,000 ",25,Right,
Noah Hanifin,"$4,950,000 ",26,Left,M-NTC
Conor Garland,"$4,950,000 ",27,Right,
Blake Coleman,"$4,900,000 ",31,Left,NTC
Adin Hill,"$4,900,000 ",27,Left,M-NTC
Michael Matheson,"$4,875,000 ",29,Left,M-NTC
Elias Lindholm,"$4,850,000 ",28,Right,
Jesperi Kotkaniemi,"$4,820,000 ",22,Left,
Victor Olofsson,"$4,750,000 ",27,Left,
David Perron,"$4,750,000 ",35,Right,M-NTC
Pavel Zacha,"$4,750,000 ",26,Left,M-NTC
Ville Husso,"$4,750,000 ",28,Left,M-NTC
Ben Chiarot,"$4,750,000 ",32,Left,M-NTC
Alex Tuch,"$4,750,000 ",27,Right,M-NTC
Ilya Mikheyev,"$4,750,000 ",28,Left,M-NTC
Kevin Labanc,"$4,725,000 ",27,Right,
Artem Zub,"$4,600,000 ",27,Right,M-NTC
Jakob Chychrun,"$4,600,000 ",25,Left,M-NTC
Jamie Oleksiak,"$4,600,000 ",30,Left,NTC
Rasmus Andersson,"$4,550,000 ",26,Right,
Mike Hoffman,"$4,500,000 ",33,Left,
Spencer Knight,"$4,500,000 ",22,Left,
Tyson Barrie,"$4,500,000 ",31,Right,
Mason Marchment,"$4,500,000 ",28,Left,M-NTC
Artturi Lehkonen,"$4,500,000 ",27,Left,NTC
Ryan Graves,"$4,500,000 ",28,Left,M-NTC
Josh Manson,"$4,500,000 ",31,Right,NTC
Christopher Tanev,"$4,500,000 ",33,Right,M-NTC
Alexander Wennberg,"$4,500,000 ",28,Left,M-NTC
Michael Bunting,"$4,500,000 ",27,Left,M-NTC
Nikita Zaitsev,"$4,500,000 ",31,Right,M-NTC
Brandon Saad,"$4,500,000 ",30,Left,NTC
Ryan O'Reilly,"$4,500,000 ",32,Left,
Christian Dvorak,"$4,450,000 ",27,Left,M-NTC
Filip Chytil,"$4,437,500 ",23,Left,
Sam Bennett,"$4,425,000 ",27,Left,
John Marino,"$4,400,000 ",26,Right,
Filip Hronek,"$4,400,000 ",25,Right,
Connor Murphy,"$4,400,000 ",30,Right,M-NTC
Lawson Crouse,"$4,300,000 ",26,Left,
Mattias Samuelsson,"$4,285,714 ",23,Left,
Tyler Toffoli,"$4,250,000 ",31,Right,
Andreas Athanasiou,"$4,250,000 ",28,Left,
Viktor Arvidsson,"$4,250,000 ",30,Right,
Trevor Moore,"$4,200,000 ",28,Left,M-NTC
Carter Verhaeghe,"$4,166,667 ",27,Left,
Anthony Beauvillier,"$4,150,000 ",26,Left,
John Klingberg,"$4,150,000 ",30,Right,M-NTC
Michael Anderson,"$4,125,000 ",24,Left,
Shayne Gostisbehere,"$4,125,000 ",30,Left,M-NTC
Devon Toews,"$4,100,000 ",29,Left,
Brandon Carlo,"$4,100,000 ",26,Right,M-NTC
Nick Jensen,"$4,050,000 ",32,Right,
Marcus Pettersson,"$4,025,175 ",27,Left,M-NTC
Brett Pesce,"$4,025,000 ",28,Right,M-NTC
Nino Niederreiter,"$4,000,000 ",30,Left,
Jake McCabe,"$4,000,000 ",29,Left,M-NTC
Robby Fabbri,"$4,000,000 ",27,Left,
Erik Gudbranson,"$4,000,000 ",31,Right,M-NTC
Joonas Korpisalo,"$4,000,000 ",29,Left,M-NTC
Jack Roslovic,"$4,000,000 ",26,Right,
Corey Perry,"$4,000,000 ",38,Right,
Ross Colton,"$4,000,000 ",26,Left,
Ilya Sorokin,"$4,000,000 ",27,Left,
Jake DeBrusk,"$4,000,000 ",26,Left,
Adam Larsson,"$4,000,000 ",30,Right,M-NTC
Noah Dobson,"$4,000,000 ",23,Right,
Alex Iafallo,"$4,000,000 ",29,Left,
Nick Leddy,"$4,000,000 ",32,Left,NTC
Nick Foligno,"$4,000,000 ",35,Left,
Jake Oettinger,"$4,000,000 ",24,Left,
Radko Gudas,"$4,000,000 ",33,Right,NTC
Carter Hart,"$3,979,000 ",24,Left,
Brenden Dillon,"$3,900,000 ",32,Left,
K'Andre Miller,"$3,872,000 ",23,Left,
Jake Allen,"$3,850,000 ",32,Left,M-NTC
Bowen Byram,"$3,850,000 ",22,Left,
Petr Mrázek,"$3,800,000 ",31,Left,M-NTC
Boone Jenner,"$3,750,000 ",30,Left,M-NTC
Nikita Zadorov,"$3,750,000 ",28,Left,
Filip Gustavsson,"$3,750,000 ",25,Left,
Matt Grzelcyk,"$3,687,500 ",29,Left,
Ryan Suter,"$3,650,000 ",38,Left,NMC
Frank Vatrano,"$3,650,000 ",29,Left,
Barclay Goodrow,"$3,641,667 ",30,Left,M-NTC
Ilya Samsonov,"$3,550,000 ",26,Left,
Joe Pavelski,"$3,500,000 ",38,Right,NMC
Marc-André Fleury,"$3,500,000 ",38,Left,NMC
David Savard,"$3,500,000 ",32,Right,
Alexander Kerfoot,"$3,500,000 ",28,Left,M-NTC
Scott Mayfield,"$3,500,000 ",30,Right,NTC
Joel Edmundson,"$3,500,000 ",30,Left,M-NTC
Chris Driedger,"$3,500,000 ",29,Left,M-NTC
Brandon Tanev,"$3,500,000 ",31,Left,M-NTC
Brandon Montour,"$3,500,000 ",29,Right,
Jeremy Swayman,"$3,475,000 ",24,Left,
Gabriel Vilardi,"$3,437,500 ",23,Right,
Matias Maccelli,"$3,425,000 ",22,Left,
Joel Armia,"$3,400,000 ",30,Right,
Jake Walman,"$3,400,000 ",27,Left,M-NTC
Vitek Vanecek,"$3,400,000 ",27,Left,
Frederik Andersen,"$3,400,000 ",33,Left,M-NTC
Justin Holl,"$3,400,000 ",31,Right,M-NTC
Alexandar Georgiev,"$3,400,000 ",27,Left,
Jonas Siegenthaler,"$3,400,000 ",26,Left,
Kirby Dach,"$3,362,500 ",22,Right,
Connor Clifton,"$3,333,333 ",28,Right,
Marco Scandella,"$3,275,000 ",33,Left,M-NTC
Radek Faksa,"$3,250,000 ",29,Left,M-NTC
Mario Ferraro,"$3,250,000 ",24,Left,
Carson Soucy,"$3,250,000 ",28,Left,NTC
Tanner Pearson,"$3,250,000 ",30,Left,
Erik Johnson,"$3,250,000 ",35,Right,
Cody Ceci,"$3,250,000 ",29,Right,
Adam Lowry,"$3,250,000 ",30,Left,M-NTC
Kasperi Kapanen,"$3,200,000 ",26,Right,
Gustav Nyquist,"$3,185,000 ",33,Left,
Erik Haula,"$3,150,000 ",32,Left,NTC
Matt Roy,"$3,150,000 ",28,Right,
Nicholas Paul,"$3,150,000 ",28,Left,NTC
Brian Dumoulin,"$3,150,000 ",31,Left,M-NTC
Jeff Carter,"$3,125,000 ",38,Right,NMC
Marcus Foligno,"$3,100,000 ",31,Left,
Yegor Sharangovich,"$3,100,000 ",25,Left,
Ian Cole,"$3,000,000 ",34,Left,
Matt Duchene,"$3,000,000 ",32,Left,
Olli Määttä,"$3,000,000 ",28,Left,
Evan Rodrigues,"$3,000,000 ",29,Right,
Justin Schultz,"$3,000,000 ",32,Right,M-NTC
Trevor van Riemsdyk,"$3,000,000 ",31,Right,
Ryan Lindgren,"$3,000,000 ",25,Left,
Pierre Engvall,"$3,000,000 ",27,Left,M-NTC
Max Domi,"$3,000,000 ",28,Left,M-NTC
Scott Laughton,"$3,000,000 ",29,Left,
Anthony Duclair,"$3,000,000 ",27,Left,
Derek Forbort,"$3,000,000 ",31,Left,M-NTC
Martin Necas,"$3,000,000 ",24,Right,
Jordan Greenway,"$3,000,000 ",26,Left,
Nicolas Roy,"$3,000,000 ",26,Right,
Dylan DeMelo,"$3,000,000 ",30,Right,M-NTC
Mathieu Joseph,"$2,950,000 ",26,Left,
Alex Newhook,"$2,900,000 ",22,Left,
Jordan Staal,"$2,900,000 ",34,Left,NMC
Colton Sissons,"$2,857,143 ",29,Right,
Brayden McNabb,"$2,850,000 ",32,Left,M-NTC
Chandler Stephenson,"$2,750,000 ",29,Left,
Brett Kulak,"$2,750,000 ",29,Left,
Andrew Peeke,"$2,750,000 ",25,Right,
Zach Whitecloud,"$2,750,000 ",26,Right,
Anton Forsberg,"$2,750,000 ",30,Left,
Ilya Lyubushkin,"$2,750,000 ",29,Right,
Jan Rutta,"$2,750,000 ",32,Right,
Luke Schenn,"$2,750,000 ",33,Right,
Kaapo Kähkönen,"$2,750,000 ",26,Left,
Warren Foegele,"$2,750,000 ",27,Left,
Luke Kunin,"$2,750,000 ",25,Right,
Brock McGinn,"$2,750,000 ",29,Left,
Semyon Varlamov,"$2,750,000 ",35,Left,NTC
Karel Vejmelka,"$2,725,000 ",27,Right,
William Borgen,"$2,700,000 ",26,Right,
Martin Fehérváry,"$2,675,000 ",23,Left,
Gustav Forsling,"$2,666,667 ",27,Left,
Tanner Jeannot,"$2,665,000 ",26,Left,
Sean Walker,"$2,650,000 ",28,Right,
Jason Dickinson,"$2,650,000 ",27,Left,
Noah Cates,"$2,625,000 ",24,Left,
Adam Boqvist,"$2,600,000 ",22,Right,
Stuart Skinner,"$2,600,000 ",24,Left,
Alexandre Carrier,"$2,500,000 ",26,Right,
Casey Cizikas,"$2,500,000 ",32,Left,
Alexander Barabanov,"$2,500,000 ",29,Left,M-NTC
Dante Fabbro,"$2,500,000 ",25,Right,
Miles Wood,"$2,500,000 ",27,Left,
Oliver Kylington,"$2,500,000 ",26,Left,
Zemgus Girgensons,"$2,500,000 ",29,Left,
Alexander Romanov,"$2,500,000 ",23,Left,
Oskar Lindblom,"$2,500,000 ",26,Left,
Sean Kuraly,"$2,500,000 ",30,Left,M-NTC
Casey Mittelstadt,"$2,500,000 ",24,Left,
Tucker Poolman,"$2,500,000 ",30,Right,
Niko Mikkola,"$2,500,000 ",27,Left,
Henri Jokiharju,"$2,500,000 ",24,Right,
Dominik Kubalik,"$2,500,000 ",27,Left,
Kyle Okposo,"$2,500,000 ",35,Right,
Cody Glass,"$2,500,000 ",24,Right,
Jacob Middleton,"$2,450,000 ",27,Left,
Lars Eller,"$2,450,000 ",34,Left,
Jesper Fast,"$2,400,000 ",31,Right,NTC
David Kämpf,"$2,400,000 ",28,Left,M-NTC
Garnet Hathaway,"$2,375,000 ",31,Right,
Mackenzie Blackwood,"$2,350,000 ",26,Left,
Jake Bean,"$2,333,333 ",25,Left,
Trent Frederic,"$2,300,000 ",25,Left,
Dillon Dubé,"$2,300,000 ",24,Left,
Nicolas Hague,"$2,294,150 ",24,Left,
Oliver Ekman-Larsson,"$2,250,000 ",31,Left,
Evgeni Dadonov,"$2,250,000 ",34,Left,M-NTC
Radim Simek,"$2,250,000 ",30,Left,
Philipp Kurashev,"$2,250,000 ",23,Left,
Daniel Vladar,"$2,200,000 ",25,Left,
Mason Appleton,"$2,166,667 ",27,Right,
Kaapo Kakko,"$2,100,000 ",22,Left,
Frédérick Gaudreau,"$2,100,000 ",30,Right,M-NTC
Ryan McLeod,"$2,100,000 ",23,Left,
Calle Järnkrok,"$2,100,000 ",31,Right,M-NTC
Nick Bjugstad,"$2,100,000 ",30,Right,
Tyson Jost,"$2,000,000 ",25,Left,
Daniel Sprong,"$2,000,000 ",26,Right,
Klim Kostin,"$2,000,000 ",24,Left,
Ryan Donato,"$2,000,000 ",27,Left,
Morgan Geekie,"$2,000,000 ",24,Right,
Alex Goligoski,"$2,000,000 ",37,Left,NMC
Kevin Lankinen,"$2,000,000 ",28,Left,
Vladislav Namestnikov,"$2,000,000 ",30,Left,
Conor Sheary,"$2,000,000 ",31,Left,NTC
Marcus Johansson,"$2,000,000 ",32,Left,NTC
Max Pacioretty,"$2,000,000 ",34,Left,NMC
Noel Acciari,"$2,000,000 ",31,Right,M-NTC
Pavel Francouz,"$2,000,000 ",33,Right,
Erik Brännström,"$2,000,000 ",23,Left,
Nico Sturm,"$2,000,000 ",28,Left,
Jérémy Lauzon,"$2,000,000 ",26,Left,
Pyotr Kochetkov,"$2,000,000 ",24,Left,
Sean Monahan,"$1,985,000 ",28,Left,
Connor Ingram,"$1,950,000 ",26,Left,
Teddy Blueger,"$1,900,000 ",28,Left,
Brett Howden,"$1,900,000 ",25,Left,
Sonny Milano,"$1,900,000 ",27,Left,
Jacob Bryson,"$1,850,000 ",25,Left,
Colin Miller,"$1,850,000 ",30,Right,
Filip Zadina,"$1,825,000 ",23,Left,
Casey DeSmith,"$1,800,000 ",31,Left,
Jordan Martinook,"$1,800,000 ",30,Left,
Eric Comrie,"$1,800,000 ",27,Left,
Isac Lundeström,"$1,800,000 ",23,Left,
Barrett Hayton,"$1,775,000 ",23,Left,
Laurent Brossoit,"$1,750,000 ",30,Left,
Nicolas Deslauriers,"$1,750,000 ",32,Left,M-NTC
Travis Boyd,"$1,750,000 ",29,Right,
Cal Clutterbuck,"$1,750,000 ",35,Right,
Sean Durzi,"$1,700,000 ",24,Right,
Ryan Hartman,"$1,700,000 ",28,Right,
Yakov Trenin,"$1,700,000 ",26,Left,
Jake Evans,"$1,700,000 ",27,Right,
Anthony Deangelo,"$1,675,000 ",27,Right,
Blake Lizotte,"$1,675,000 ",25,Left,
Eric Robinson,"$1,600,000 ",28,Left,
Cam York,"$1,600,000 ",22,Left,
Jack McBain,"$1,599,999 ",23,Left,
Alexandre Texier,"$1,525,000 ",23,Left,
Matt Martin,"$1,500,000 ",34,Left,
Brandon Hagel,"$1,500,000 ",24,Left,
Kailer Yamamoto,"$1,500,000 ",24,Right,
Owen Tippett,"$1,500,000 ",24,Right,
Antti Raanta,"$1,500,000 ",34,Left,
Jani Hakanpää,"$1,500,000 ",31,Right,
Eetu Luostarinen,"$1,500,000 ",24,Left,
Pheonix Copley,"$1,500,000 ",31,Left,
James Reimer,"$1,500,000 ",35,Left,M-NTC
Alex Nedeljkovic,"$1,500,000 ",27,Left,
Michael Rasmussen,"$1,460,000 ",24,Left,
Fabian Zetterlund,"$1,450,000 ",23,Right,
Eeli Tolvanen,"$1,450,000 ",24,Left,
William Carrier,"$1,400,000 ",28,Left,
Dylan Samberg,"$1,400,000 ",24,Left,
Timothy Liljegren,"$1,400,000 ",24,Right,
Ryan Poehling,"$1,400,000 ",24,Left,
Rasmus Sandin,"$1,400,000 ",23,Left,
Michael McLeod,"$1,400,000 ",25,Right,
Keegan Kolesar,"$1,400,000 ",26,Right,
Jordan Harris,"$1,400,000 ",22,Left,
Philippe Myers,"$1,400,000 ",26,Right,
Ryan Reaves,"$1,350,000 ",36,Right,
Morgan Barron,"$1,350,000 ",24,Left,
Riley Stillman,"$1,350,000 ",25,Left,
Nathan Bastian,"$1,350,000 ",25,Right,
Kevin Rooney,"$1,300,000 ",30,Left,
Carl Grundström,"$1,300,000 ",25,Left,
Nic Dowd,"$1,300,000 ",33,Right,
Max Jones,"$1,295,000 ",25,Left,
Joshua Brown,"$1,275,000 ",29,Right,
Jarred Tinordi,"$1,250,000 ",31,Left,
Matthew Benning,"$1,250,000 ",29,Right,
Alexey Toropchenko,"$1,250,000 ",24,Left,
Nikolai Knyzhov,"$1,250,000 ",25,Left,
Nicolas Aubé-Kubel,"$1,225,000 ",27,Right,
Colin Blackwell,"$1,200,000 ",30,Right,
Joey Daccord,"$1,200,000 ",26,Left,
Jon Merrill,"$1,200,000 ",31,Left,
Sam Lafferty,"$1,150,000 ",28,Right,
Jakub Zboril,"$1,137,500 ",26,Left,
Christian Fischer,"$1,125,000 ",26,Right,
Nick Perbix,"$1,125,000 ",25,Right,
Brendan Smith,"$1,100,000 ",34,Left,
Nick Cousins,"$1,100,000 ",29,Left,
Troy Stecher,"$1,100,000 ",29,Right,
Filip Zadina,"$1,100,000 ",23,Left,
Brandon Duhaime,"$1,100,000 ",26,Left,
Rem Pitlick,"$1,100,000 ",26,Left,
Charlie Lindgren,"$1,100,000 ",29,Right,
Mathieu Olivier,"$1,100,000 ",26,Right,
Rafaël Harvey-Pinard,"$1,100,000 ",24,Left,
Anthony Stolarz,"$1,100,000 ",29,Left,
Nils Höglander,"$1,100,000 ",22,Left,
Marc Staal,"$1,100,000 ",36,Left,
Travis Hamonic,"$1,100,000 ",32,Right,NMC
Ross Johnston,"$1,100,000 ",29,Left,
Conor Timmins,"$1,100,000 ",24,Right,
Kyle Burroughs,"$1,100,000 ",27,Right,
Kevin Shattenkirk,"$1,050,000 ",34,Right,
Steven Lorentz,"$1,050,000 ",27,Left,
Logan O'Connor,"$1,050,000 ",26,Right,
Kevin Bahl,"$1,050,000 ",23,Left,
Daniil Tarasov,"$1,050,000 ",24,Left,
Sammy Blais,"$1,000,000 ",27,Left,
Curtis Lazar,"$1,000,000 ",28,Right,
Juuso Välimäki,"$1,000,000 ",24,Left,
Dmitry Kulikov,"$1,000,000 ",32,Left,
Tomas Nosek,"$1,000,000 ",30,Left,
Andreas Englund,"$1,000,000 ",27,Left,
Cam Talbot,"$1,000,000 ",35,Left,NTC
Mattias Janmark,"$1,000,000 ",30,Left,
Mike Reilly,"$1,000,000 ",29,Left,
Rasmus Kupari,"$1,000,000 ",23,Right,
Kevin Stenlund,"$1,000,000 ",26,Right,
Samuel Montembeault,"$1,000,000 ",26,Left,
James van Riemsdyk,"$1,000,000 ",34,Left,
Patrick Maroon,"$1,000,000 ",35,Left,M-NTC
Scott Wedgewood,"$1,000,000 ",30,Left,
Craig Smith,"$1,000,000 ",33,Right,
Milan Lucic,"$1,000,000 ",35,Left,NMC
Kurtis MacDermid,"$987,500 ",29,Left,
Justin Danforth,"$975,000 ",30,Right,
Arvid Söderblom,"$962,500 ",23,Left,
Cole Guttman,"$950,000 ",24,Right,
Dysin Mayo,"$950,000 ",26,Right,
Dysin Mayo,"$950,000 ",26,Right,
Jonathan Lekkerimäki,"$950,000 ",18,Right,
David Reinbacher,"$950,000 ",18,Right,
Nate Danielson,"$950,000 ",18,Right,
Eduard Sale,"$950,000 ",18,Left,
Samuel Honzek,"$950,000 ",18,Left,
Hunter McKown,"$950,000 ",20,Right,
Lian Bichsel,"$950,000 ",19,Left,
Leo Carlsson,"$950,000 ",18,Left,
Logan Cooley,"$950,000 ",19,Left,
Ivan Miroshnichenko,"$950,000 ",19,Right,
Adam Fantilli,"$950,000 ",18,Left,
Connor Bedard,"$950,000 ",17,Right,
Zach Benson,"$950,000 ",18,Left,
Ludovic Waeber,"$950,000 ",26,Left,
Carl Berglund,"$950,000 ",23,Left,
Nikita Tolopilo,"$950,000 ",23,Left,
Tanner Molendyk,"$950,000 ",18,Left,
Dalibor Dvorsky,"$950,000 ",18,Left,
Robert Bortuzzo,"$950,000 ",34,Right,
Andre Heim,"$950,000 ",25,Left,
Gustav Lindström,"$950,000 ",24,Right,
Juraj Slafkovsky,"$950,000 ",19,Left,
Valtteri Pulli,"$950,000 ",22,Left,
Filip Bystedt,"$950,000 ",19,Left,
Kasper Halttunen,"$940,000 ",18,Right,
Paul Ludwinski,"$931,667 ",19,Left,
Devon Levi,"$925,000 ",21,Left,
Brock Faber,"$925,000 ",20,Right,
Dmitri Voronkov,"$925,000 ",22,Left,
Fedor Svechkov,"$925,000 ",20,Left,
Aleksei Kolosov,"$925,000 ",21,Left,
Vasily Podkolzin,"$925,000 ",22,Left,
Lukas Reichel,"$925,000 ",21,Left,
Nikita Nesterenko,"$925,000 ",21,Left,
Yaroslav Askarov,"$925,000 ",21,Right,
Drew Commesso,"$925,000 ",20,Left,
Dylan Holloway,"$925,000 ",21,Left,
Jonatan Berggren,"$925,000 ",22,Left,
Cole Sillinger,"$925,000 ",20,Left,
Kent Johnson,"$925,000 ",20,Left,
Matej Blümel,"$925,000 ",23,Left,
Xavier Bourgault,"$925,000 ",20,Right,
Matthew Knies,"$925,000 ",20,Left,
Drew O'Connor,"$925,000 ",25,Left,
Michael Kesselring,"$925,000 ",23,Right,
Jack Drury,"$925,000 ",23,Left,
Kirill Marchenko,"$925,000 ",22,Right,
Carter Savoie,"$925,000 ",21,Left,
Filip Roos,"$925,000 ",24,Left,
Matthew Knies,"$925,000 ",20,Left,
Corey Andonovski,"$925,000 ",24,Right,
Vladislav Firstov,"$925,000 ",22,Left,
Matthew Coronato,"$925,000 ",20,Right,
Mackie Samoskevich,"$925,000 ",20,Right,
Curtis Hall,"$925,000 ",23,Right,
Spencer Stastney,"$925,000 ",23,Left,
Bobby Brink,"$925,000 ",21,Right,
Josh Mahura,"$925,000 ",25,Left,
Drew Helleson,"$925,000 ",22,Right,
Georgi Merkulov,"$925,000 ",22,Left,
Mason Lohrei,"$925,000 ",22,Left,
Corson Ceulemans,"$925,000 ",20,Right,
Braden Schneider,"$925,000 ",21,Right,
Mads Søgaard,"$925,000 ",22,Left,
Jake Sanderson,"$925,000 ",20,Left,
Bobby Trivigno,"$925,000 ",24,Left,
Ivan Morozov,"$925,000 ",23,Right,
Ivan Fedotov,"$925,000 ",26,Left,
Jordan Oesterle,"$925,000 ",31,Left,
Jakub Dobes,"$925,000 ",22,Left,
Josh Doan,"$925,000 ",21,Right,
Rodion Amirov,"$925,000 ",21,Left,
Nils Lundkvist,"$925,000 ",22,Right,
Brian Halonen,"$925,000 ",24,Right,
John Beecher,"$925,000 ",22,Left,
Domenick Fensore,"$925,000 ",21,Left,
William Wallinder,"$925,000 ",20,Left,
Lucas Raymond,"$925,000 ",21,Right,
Justin Barron,"$925,000 ",21,Right,
Anton Lundell,"$925,000 ",21,Left,
Aidan McDonough,"$925,000 ",23,Left,
Jackson LaCombe,"$925,000 ",22,Left,
Jesper Wallstedt,"$925,000 ",20,Left,
Luke Hughes,"$925,000 ",19,Left,
Ryan Johnson,"$925,000 ",21,Left,
Jagger Firkus,"$923,333 ",19,Right,
Niklas Kokko,"$923,333 ",19,Left,
Jani Nyman,"$923,333 ",18,Left,
David Goyette,"$923,333 ",19,Left,
Cole McWard,"$922,500 ",22,Right,
Will Zmolek,"$920,000 ",24,Left,
Filip Mesar,"$918,333 ",19,Right,
Jiri Kulich,"$918,333 ",19,Left,
Owen Pickering,"$918,333 ",19,Left,
Simon Nemec,"$918,333 ",19,Right,
Noah Östlund,"$918,333 ",19,Left,
Pavel Mintyukov,"$918,333 ",19,Left,
Matthew Savoie,"$918,333 ",19,Right,
Liam Öhgren,"$918,333 ",19,Left,
Kevin Korchinski,"$918,333 ",19,Left,
Brad Lambert,"$918,333 ",19,Right,
Marco Kasper,"$918,333 ",19,Left,
David Jiricek,"$918,333 ",19,Right,
Shane Wright,"$918,333 ",19,Right,
Conor Geekie,"$918,333 ",19,Left,
Maveric Lamoureux,"$918,333 ",19,Right,
Denton Mateychuk,"$918,333 ",18,Left,
Joakim Kemell,"$918,333 ",19,Right,
Reid Schaefer,"$918,333 ",19,Left,
Nathan Gaucher,"$918,333 ",19,Right,
Owen Power,"$916,667 ",20,Left,
Thomas Bordeleau,"$916,667 ",21,Left,
Tyler Kleven,"$916,667 ",21,Left,
Michael Benning,"$916,667 ",21,Right,
Wyatt Kaiser,"$916,667 ",20,Left,
Alex Vlasic,"$916,667 ",22,Left,
Henry Thrun,"$912,500 ",22,Left,
Anton Malmström,"$910,000 ",23,Left,
Georgi Romanov,"$910,000 ",23,Left,
Carter Mazur,"$905,833 ",21,Right,
Andrew Cristall,"$905,000 ",18,Left,
Emil Andrae,"$903,333 ",21,Left,
William Strömgren,"$900,833 ",20,Left,
Alex Lyon,"$900,000 ",30,Left,
Emil Bemström,"$900,000 ",24,Right,
Matt Nieto,"$900,000 ",30,Left,
Ty Dellandrea,"$900,000 ",22,Right,
Derek Ryan,"$900,000 ",36,Right,
Jakub Dvorak,"$900,000 ",18,Left,
Hunter Haight,"$897,500 ",19,Right,
Ilya Usau,"$897,500 ",21,Left,
Ryker Evans,"$897,500 ",21,Left,
Sean Farrell,"$897,500 ",21,Left,
Emil Heineman,"$897,500 ",21,Left,
Mack Guzda,"$897,500 ",22,Left,
Matthew Beniers,"$897,500 ",20,Left,
Layton Ahac,"$897,500 ",22,Left,
Mikael Pyyhtiä,"$897,500 ",21,Left,
Marek Alscher,"$896,667 ",19,Left,
Gavin Hayes,"$896,667 ",19,Right,
Ryan McAllister,"$896,667 ",21,Left,
Anton Wahlberg,"$896,667 ",17,Left,
Noah Warren,"$896,667 ",18,Right,
Nikolai Kovalenko,"$896,250 ",23,Left,
Antti Saarela,"$896,250 ",22,Left,
Aku Räty,"$896,250 ",21,Right,
Ryder Rolston,"$895,000 ",21,Right,
Chaz Lucius,"$894,167 ",20,Right,
Roby Järventie,"$894,167 ",20,Left,
Chaz Lucius,"$894,167 ",20,Right,
Dylan Guenther,"$894,167 ",20,Right,
Mavrik Bourque,"$894,167 ",21,Right,
Arthur Kaliyev,"$894,167 ",22,Left,
Cole Perfetti,"$894,167 ",21,Left,
Wyatt Johnston,"$894,167 ",20,Right,
Alex Turcotte,"$894,167 ",22,Left,
Isak Rosén,"$894,167 ",20,Left,
Adam Beckman,"$894,167 ",22,Left,
Mason McTavish,"$894,167 ",20,Left,
Dawson Mercer,"$894,167 ",21,Right,
Alexander Holtz,"$894,167 ",21,Right,
Quinton Byfield,"$894,167 ",20,Left,
Seth Jarvis,"$894,167 ",21,Right,
Simon Edvinsson,"$894,167 ",20,Left,
Jordan Dumais,"$891,667 ",19,Right,
Luca Del Bel Belluz,"$891,667 ",19,Left,
Cayden Primeau,"$890,000 ",23,Left,
Joel Blomqvist,"$886,667 ",21,Left,
J.J. Moser,"$886,667 ",23,Left,
Nikolas Matinpalo,"$885,000 ",24,Right,
Owen Beck,"$885,000 ",19,Right,
Ryan Fanti,"$883,750 ",23,Left,
Andre Lee,"$883,750 ",22,Left,
Jaxson Stauber,"$883,750 ",24,Left,
Nils Åman,"$883,750 ",23,Left,
Matthew Kessel,"$883,750 ",23,Right,
Ville Petman,"$883,750 ",23,Left,
Blake McLaughlin,"$883,750 ",23,Left,
Linus Karlsson,"$883,750 ",23,Right,
Michael Callahan,"$883,750 ",23,Left,
Adam Ginning,"$883,750 ",23,Left,
Filip Johansson,"$883,750 ",23,Right,
Travis Mitchell,"$882,500 ",23,Left,
Calle Clang,"$878,333 ",21,Left,
Joshua Lopina,"$878,333 ",22,Right,
Alex Beaucage,"$878,333 ",21,Right,
Elmer Söderblom,"$878,333 ",21,Left,
Christian Kyrou,"$878,333 ",19,Right,
Samuel Savoie,"$878,333 ",19,Left,
Nikita Chibrikov,"$875,833 ",20,Left,
Logan Mailloux,"$875,000 ",20,Right,
David Rittich,"$875,000 ",30,Left,
Alex Laferriere,"$875,000 ",21,Right,
Isaac Belliveau,"$875,000 ",20,Left,
Erik Portillo,"$875,000 ",22,Left,
Oliver Wahlstrom,"$874,125 ",23,Right,
Raphael Lavoie,"$874,125 ",22,Right,
Ondrej Pavel,"$870,000 ",22,Left,
Kyle McDonald,"$870,000 ",21,Right,
Ales Stezka,"$870,000 ",26,Left,
Max Sasson,"$870,000 ",22,Left,
Aidan Fulp,"$870,000 ",23,Right,
Emil Martinsen Lilleberg,"$870,000 ",22,Left,
Luke Toporowski,"$870,000 ",22,Left,
Alexandre Doucet,"$870,000 ",21,Left,
Logan Morrison,"$870,000 ",20,Right,
Karl Henriksson,"$870,000 ",22,Left,
Jason Polin,"$870,000 ",24,Right,
Jiri Smejkal,"$870,000 ",26,Left,
Christoffer Sedoff,"$870,000 ",21,Left,
Josh Filmon,"$870,000 ",19,Left,
Tucker Robertson,"$870,000 ",20,Right,
Waltteri Merelä,"$870,000 ",24,Right,
Bryce McConnell-Barker,"$870,000 ",19,Left,
Uvis Balinskis,"$870,000 ",26,Left,
Tyler Brennan,"$870,000 ",19,Left,
Matthew Maggio,"$870,000 ",20,Right,
Kalan Lind,"$870,000 ",18,Left,
Emil Pieniniemi,"$870,000 ",18,Left,
Yan Kuznetsov,"$870,000 ",21,Left,
Elias Pettersson,"$870,000 ",19,Left,
Viktor Neuchev,"$870,000 ",19,Left,
Hardy Häman Aktell,"$870,000 ",24,Left,
Tristen Nielsen,"$870,000 ",23,Left,
Pierrick Dubé,"$870,000 ",22,Right,
Michael Buchinger,"$870,000 ",19,Left,
Matthew Poitras,"$870,000 ",19,Right,
Parker Ford,"$867,500 ",22,Right,
Antti Tuomisto,"$867,500 ",22,Right,
Daniil Misyul,"$867,500 ",22,Left,
Ville Ottavainen,"$867,500 ",20,Right,
Maxim Groshev,"$867,500 ",21,Left,
Jayden Grubbe,"$867,500 ",20,Right,
Maxwell Crozier,"$867,500 ",23,Right,
Magnus Chrona,"$867,500 ",22,Left,
Brett Berard,"$867,500 ",20,Left,
Ethan Cardwell,"$867,500 ",20,Right,
Tristan Lennox,"$867,500 ",20,Left,
Ty Nelson,"$867,500 ",19,Right,
Eetu Liukas,"$867,500 ",20,Left,
Caedan Bankier,"$867,500 ",20,Left,
Mitchell Gibson,"$867,500 ",24,Left,
Daniel Torgersson,"$867,500 ",21,Left,
Trevor Kuntar,"$867,500 ",22,Left,
Jayden Struble,"$867,500 ",21,Left,
Leo Lööf,"$867,500 ",21,Left,
Nikita Novikov,"$867,500 ",19,Left,
Vsevolod Komarov,"$865,000 ",19,Right,
Kyle Masters,"$865,000 ",20,Right,
Oskar Pettersson,"$865,000 ",19,Right,
Evan Nause,"$864,167 ",20,Left,
Hendrix Lapierre,"$863,333 ",21,Left,
Connor Zary,"$863,333 ",21,Left,
Brandt Clarke,"$863,333 ",20,Right,
Sebastian Cossa,"$863,333 ",20,Left,
Nolan Foote,"$863,333 ",22,Left,
Connor McMichael,"$863,333 ",22,Left,
Jacob Perreault,"$863,333 ",21,Right,
Brennan Othmann,"$863,333 ",20,Left,
Moritz Seider,"$863,333 ",22,Right,
Ryan Suzuki,"$863,333 ",22,Left,
Philip Tomasino,"$863,333 ",21,Right,
Tyler Boucher,"$863,333 ",20,Right,
Simon Holmström,"$863,333 ",22,Left,
Tyson Foerster,"$863,333 ",21,Right,
Jack Quinn,"$863,333 ",21,Right,
Ville Heinola,"$863,333 ",22,Left,
Peyton Krebs,"$863,333 ",22,Left,
Zachary L'Heureux,"$863,333 ",20,Left,
Chase Stillman,"$863,333 ",20,Right,
Lassi Thomson,"$863,333 ",22,Right,
Samuel Poulin,"$863,333 ",22,Left,
Brayden Tracey,"$863,333 ",22,Left,
Zachary Bolduc,"$863,333 ",20,Left,
Philip Broberg,"$863,333 ",22,Left,
Thomas Harley,"$863,333 ",21,Left,
Kaiden Guhle,"$863,333 ",21,Left,
Ridly Greig,"$863,333 ",20,Left,
Oskar Olausson,"$863,333 ",20,Left,
Carson Lambos,"$863,333 ",20,Left,
Victor Söderström,"$863,333 ",22,Right,
Jakob Pelletier,"$863,333 ",22,Left,
Marco Rossi,"$863,333 ",21,Left,
Fabian Lysell,"$863,333 ",20,Right,
William Eklund,"$863,333 ",20,Left,
Chase Wheatcroft,"$862,500 ",21,Left,
Keean Washkurak,"$862,500 ",21,Left,
David Spacek,"$862,500 ",20,Right,
Noel Gunler,"$862,500 ",21,Right,
Lucas Edmonds,"$861,667 ",22,Right,
Michael Milne,"$861,667 ",20,Left,
Nolan Burke,"$861,667 ",20,Left,
Alexis Gendron,"$860,000 ",19,Left,
Felix Unger Sörum,"$860,000 ",17,Right,
Artem Guryev,"$860,000 ",20,Left,
Kim Nousiainen,"$859,167 ",22,Left,
Isaak Phillips,"$859,167 ",21,Left,
Bennett MacArthur,"$859,167 ",22,Left,
Nathan Staios,"$859,167 ",22,Left,
Henry Rybinski,"$859,167 ",22,Right,
Lukas Svejkovsky,"$859,167 ",21,Right,
Alexander Kisakov,"$859,167 ",20,Left,
Jalen Luypen,"$859,167 ",21,Left,
Maksymilian Szuber,"$859,167 ",20,Left,
Mattias Norlinder,"$859,167 ",23,Left,
Taylor Gauthier,"$859,167 ",22,Right,
Zach Uens,"$859,167 ",22,Left,
Ty Glover,"$859,167 ",22,Left,
Henri Nikkanen,"$859,167 ",22,Left,
Bogdan Trineyev,"$859,167 ",21,Right,
Samuel Ersson,"$859,167 ",23,Left,
Jordan Frasca,"$859,167 ",21,Left,
Cross Hanas,"$859,167 ",21,Left,
Ryder Korczak,"$859,167 ",20,Right,
Tye Kartye,"$859,167 ",22,Left,
William Dufour,"$859,167 ",21,Right,
Fabian Wagner,"$858,333 ",19,Left,
Domenic DiVincentiis,"$858,333 ",19,Left,
Cameron Butler,"$858,333 ",21,Right,
Jesper Vikman,"$858,000 ",21,Left,
Gavin White,"$857,500 ",20,Right,
Jack St. Ivany,"$857,500 ",23,Right,
Félix Robert,"$857,500 ",23,Left,
William Trudeau,"$856,667 ",20,Left,
Roni Hirvonen,"$856,667 ",21,Left,
Topi Niemelä,"$856,667 ",21,Right,
John-Jason Peterka,"$855,833 ",21,Left,
Ryan O'Rourke,"$855,833 ",21,Left,
Cole Schwindt,"$855,833 ",22,Right,
Ethan Del Mastro,"$855,833 ",20,Left,
Sam Hentges,"$855,000 ",23,Right,
Simon Johansson,"$855,000 ",24,Right,
Santtu Kinnunen,"$855,000 ",24,Right,
Samuel Walker,"$855,000 ",24,Right,
Declan Carlile,"$855,000 ",23,Left,
Xavier Simoneau,"$855,000 ",22,Left,
Olof Lindbom,"$855,000 ",22,Left,
Oskari Salminen,"$855,000 ",23,Left,
Ruslan Iskhakov,"$855,000 ",22,Left,
Calle Själin,"$855,000 ",23,Left,
Jáchym Kondelík,"$855,000 ",23,Left,
Peetro Seppälä,"$855,000 ",22,Left,
Pavol Regenda,"$855,000 ",23,Left,
Clay Stevenson,"$855,000 ",24,Left,
Jaxsen Wiebe,"$852,500 ",21,Right,
Zach Dean,"$852,500 ",20,Left,
Ryan Hofer,"$851,667 ",21,Left,
Ryan Tverberg,"$851,667 ",21,Right,
Vyacheslav Peksa,"$851,667 ",20,Left,
Artur Akhtiamov,"$851,667 ",21,Left,
Michael Vukojevic,"$850,833 ",22,Left,
Hugo Alnefelt,"$850,833 ",22,Left,
Akira Schmid,"$850,833 ",23,Left,
Nico Daws,"$850,833 ",22,Left,
Marc Del Gaizo,"$850,833 ",23,Left,
Maxim Cajkovic,"$850,833 ",22,Right,
Talyn Boyko,"$850,833 ",20,Left,
Colten Ellis,"$850,833 ",22,Left,
Santeri Hatakka,"$850,833 ",22,Left,
Hunter Skinner,"$850,833 ",22,Right,
Simon Lundmark,"$850,833 ",22,Right,
Oskar Bäck,"$850,833 ",23,Left,
Tyler Angle,"$850,833 ",22,Left,
Louis Crevier,"$850,833 ",22,Right,
Graeme Clarke,"$850,833 ",22,Right,
Juuso Pärssinen,"$850,833 ",22,Left,
Brandon Coe,"$850,833 ",21,Right,
Taro Hirose,"$850,000 ",27,Left,
Filip Cederqvist,"$850,000 ",22,Left,
Sam Malinski,"$850,000 ",24,Right,
Kirill Kudryavtsev,"$850,000 ",19,Left,
Tyson Kozak,"$850,000 ",20,Left,
Matthew Seminoff,"$850,000 ",19,Right,
Sam Steel,"$850,000 ",25,Left,
Sam Carrick,"$850,000 ",31,Right,
Jansen Harkins,"$850,000 ",26,Left,
Urho Vaakanainen,"$850,000 ",24,Left,
Dylan Coghlan,"$850,000 ",25,Right,
Zach Bogosian,"$850,000 ",32,Right,M-NTC
Tyrel Bauer,"$850,000 ",21,Right,
Ben Hutton,"$850,000 ",30,Left,
Denis Gurianov,"$850,000 ",26,Left,
Ronnie Attard,"$850,000 ",24,Right,
Jack Rathbone,"$850,000 ",24,Left,
Isaiah Saville,"$849,667 ",22,Right,
Gianni Fairbrother,"$848,333 ",22,Left,
Adam Raska,"$848,333 ",21,Left,
Helge Grans,"$847,500 ",21,Right,
Samuel Knazko,"$847,500 ",20,Left,
Patrik Koch,"$847,500 ",26,Left,
Jean-Luc Foudy,"$847,500 ",21,Right,
Justin Sourdif,"$847,500 ",21,Right,
Adam Edström,"$846,667 ",22,Left,
Vadim Zherenko,"$846,667 ",22,Left,
Pavel Novak,"$846,667 ",21,Right,
Karel Plasek,"$846,667 ",22,Left,
Antonio Stranges,"$846,667 ",21,Left,
Rory Kerins,"$846,667 ",21,Left,
Elias Salomonsson,"$846,667 ",18,Right,
Ludwig Persson,"$846,667 ",19,Left,
Alexander Suzdalev,"$846,667 ",19,Left,
Calle Odelius,"$846,667 ",19,Left,
Ethan Samson,"$846,667 ",19,Right,
Mikko Kokkonen,"$846,667 ",22,Left,
Fraser Minten,"$845,833 ",18,Left,
Francesco Pinelli,"$845,000 ",20,Left,
Noel Hoefenmayer,"$845,000 ",24,Left,
Raivis Ansons,"$844,167 ",21,Left,
Olen Zellweger,"$844,167 ",19,Left,
Jake Chiasson,"$843,333 ",20,Right,
Garin Bjorklund,"$843,333 ",21,Left,
Dennis Hildeby,"$843,333 ",21,Left,
Adam Wilsby,"$842,500 ",22,Left,
Will Cranley,"$841,667 ",21,Left,
Jaydon Dureau,"$841,667 ",22,Left,
James Malatesta,"$841,667 ",20,Left,
Carl Lindbom,"$840,000 ",20,Left,
Daylan Kuefler,"$840,000 ",21,Left,
Jamieson Rees,"$839,167 ",22,Left,
Max Ellis,"$838,750 ",23,Right,
Amadeus Lombardi,"$838,333 ",20,Left,
Adam Sýkora,"$838,333 ",18,Left,
Angus Crookshank,"$838,333 ",23,Left,
Curtis Douglas,"$837,500 ",23,Left,
Ukko-Pekka Luukkonen,"$837,500 ",24,Left,
Judd Caulfield,"$837,500 ",22,Right,
Cole Krygier,"$837,500 ",23,Left,
Brett Harrison,"$836,667 ",20,Left,
Anttoni Honka,"$836,667 ",22,Right,
Riley Kidney,"$836,667 ",20,Left,
Rémi Poirier,"$836,667 ",21,Left,
Mitchell Russell,"$836,667 ",22,Right,
Topias Vilén,"$836,667 ",20,Left,
Ilya Nikolayev,"$836,667 ",22,Left,
Olivier Nadeau,"$836,667 ",20,Right,
Joe Fleming,"$836,667 ",20,Right,
Josh Bloom,"$836,667 ",20,Left,
Gannon Laroque,"$836,667 ",19,Right,
Aatu Räty,"$836,667 ",20,Left,
Ozzy Wiesblatt,"$835,833 ",21,Right,
Jake Neighbours,"$835,833 ",21,Left,
Joshua Roy,"$835,000 ",19,Left,
Dmitry Ovchinnikov,"$835,000 ",20,Left,
Mark Kastelic,"$835,000 ",24,Right,
Nick Cicek,"$835,000 ",23,Left,
Alex Steeves,"$834,167 ",23,Left,
Danila Klimovich,"$833,333 ",20,Right,
Adam Klapka,"$832,500 ",22,Right,
Tomas Hamara,"$831,667 ",19,Left,
Matyas Sapovaliv,"$831,667 ",19,Left,
Danil Zhilkin,"$831,667 ",19,Left,
Samu Tuomaala,"$830,833 ",20,Right,
Ryan Mast,"$830,556 ",20,Right,
Marc-Andre Gaudet,"$830,000 ",19,Left,
Lucas Ciona,"$830,000 ",20,Left,
Tyson Hinds,"$829,444 ",20,Left,
Jakub Brabenec,"$828,333 ",19,Left,
Dylan Garand,"$828,333 ",21,Left,
Ilya Solovyov,"$828,333 ",22,Left,
Daemon Hunt,"$828,333 ",21,Left,
Arber Xhekaj,"$828,333 ",22,Left,
Donovan Sebrango,"$828,333 ",21,Left,
Maximus Wanner,"$828,333 ",20,Right,
Jan Mysak,"$828,333 ",21,Left,
Daniil Gushchin,"$828,333 ",21,Left,
Trent Miner,"$828,333 ",22,Left,
Jack Thompson,"$828,333 ",21,Right,
Reece Newkirk,"$828,333 ",22,Left,
Eemil Viro,"$828,333 ",21,Left,
Ryan Winterton,"$828,333 ",19,Right,
Will Cuylle,"$828,333 ",21,Left,
Tanner Dickinson,"$826,667 ",21,Left,
Alexander Pashin,"$826,667 ",20,Left,
Jacob Melanson,"$826,111 ",20,Right,
Ole Julian Bjørgvik Holm,"$825,000 ",21,Left,
Walker Duehr,"$825,000 ",25,Right,
Nolan Allan,"$825,000 ",20,Left,
Jonathan Quick,"$825,000 ",37,Left,M-NTC
Montana Onyebuchi,"$825,000 ",23,Right,
Justin Robidas,"$825,000 ",20,Right,
Mason Primeau,"$825,000 ",21,Left,
Nick Blankenburg,"$825,000 ",25,Right,
Elliot Desnoyers,"$825,000 ",21,Left,
Pavel Dorofeyev,"$825,000 ",22,Left,
Alexander Alexeyev,"$825,000 ",23,Left,
Stanislav Svozil,"$825,000 ",20,Left,
Daniil Chayka,"$825,000 ",20,Left,
Erik Gustafsson,"$825,000 ",31,Left,
Sasha Pastujov,"$825,000 ",19,Left,
Zack Ostapchuk,"$825,000 ",20,Left,
Francesco Arcuri,"$825,000 ",20,Left,
Jérémie Biakabutuka,"$825,000 ",21,Right,
Dakota Joshua,"$825,000 ",27,Left,
Jonathan Drouin,"$825,000 ",28,Left,
Colton Dach,"$825,000 ",20,Left,
Sebastian Aho,"$825,000 ",27,Left,
Pierre-Olivier Joseph,"$825,000 ",24,Left,
Andrew Cogliano,"$825,000 ",36,Left,
Jérémie Poirier,"$823,333 ",21,Left,
Tyler Tullio,"$823,333 ",21,Right,
Tuukka Tieksola,"$823,333 ",22,Right,
Kai Schwindt,"$821,667 ",19,Left,
Philippe Daoust,"$821,667 ",21,Left,
Jordan Spence,"$820,000 ",22,Right,
Albert Johansson,"$820,000 ",22,Left,
Gage Goncalves,"$820,000 ",22,Left,
Leevi Meriläinen,"$820,000 ",20,Left,
Martin Chromiak,"$820,000 ",20,Right,
Michal Teplý,"$820,000 ",22,Right,
Matthew Rempe,"$820,000 ",21,Right,
Mason Millman,"$818,333 ",21,Left,
Jorian Donovan,"$818,333 ",19,Left,
William Villeneuve,"$817,778 ",21,Right,
Milos Kelemen,"$817,500 ",23,Left,
Keith Petruzzelli,"$817,500 ",24,Right,
Arshdeep Bains,"$816,667 ",22,Left,
Nikita Alexandrov,"$816,667 ",22,Left,
Vincent Iorio,"$814,167 ",20,Right,
Artem Grushnikov,"$814,167 ",20,Left,
Logan Stankoven,"$814,167 ",20,Right,
Dustin Wolf,"$813,333 ",22,Left,
Cole Reinhardt,"$813,333 ",23,Left,
Maxence Guénette,"$813,333 ",22,Right,
Liam Kirk,"$813,333 ",23,Left,
Ben McCartney,"$813,333 ",21,Left,
Zachary Jones,"$812,500 ",22,Left,
Michael Pezzetta,"$812,500 ",25,Left,
Patrick Giles,"$812,500 ",23,Right,
Lukas Dostal,"$812,500 ",23,Left,
Gage Alexander,"$810,000 ",20,Left,
Ronan Seeley,"$810,000 ",20,Left,
Mikhail Abramov,"$809,444 ",22,Left,
James Hamblin,"$807,500 ",24,Left,
Roman Schmidt,"$805,833 ",20,Right,
Aleksi Heimosalmi,"$805,833 ",20,Right,
Samuel Helenius,"$805,833 ",20,Left,
Ville Koivunen,"$805,833 ",20,Left,
Jacob Bernard-Docker,"$805,000 ",23,Right,
Yaniv Perets,"$805,000 ",23,Left,
Matvei Petrov,"$803,333 ",20,Right,
Wyatt Bongiovanni,"$802,500 ",23,Left,
Jack Matier,"$801,667 ",20,Right,
Ty Voit,"$800,556 ",20,Right,
Braeden Kressler,"$800,556 ",20,Right,
Luke Glendening,"$800,000 ",34,Right,
Mackenzie Entwistle,"$800,000 ",23,Right,
Joe Snively,"$800,000 ",27,Left,
Connor Dewar,"$800,000 ",24,Left,
Hayden Hodgson,"$800,000 ",27,Right,
Luke Glendening,"$800,000 ",34,Right,
Reese Johnson,"$800,000 ",24,Right,
Mark Giordano,"$800,000 ",39,Left,
Michael Eyssimont,"$800,000 ",26,Left,
Samuel Bolduc,"$800,000 ",22,Left,
Otto Koivula,"$800,000 ",24,Left,
Steven Santini,"$800,000 ",28,Right,
Zachary Sanford,"$800,000 ",28,Left,
Givani Smith,"$800,000 ",25,Left,
Jon-Randall Avon,"$800,000 ",19,Left,
Thomas Novak,"$800,000 ",26,Left,
Jimmy Vesey,"$800,000 ",30,Left,
Pontus Holmberg,"$800,000 ",24,Left,
Mike Hardman,"$800,000 ",24,Left,
Yegor Chinakhov,"$800,000 ",22,Left,
Brendan Lemieux,"$800,000 ",27,Left,
Patrick Brown,"$800,000 ",31,Right,
Andreas Johnsson,"$800,000 ",28,Left,
Cale Fleury,"$800,000 ",24,Right,
Ryan Lomberg,"$800,000 ",28,Left,
Oskar Steen,"$800,000 ",25,Right,
Robin Salo,"$800,000 ",24,Left,
Kyle MacLean,"$800,000 ",24,Left,
Josh Archibald,"$800,000 ",30,Right,M-NTC
Chad Ruhwedel,"$800,000 ",33,Right,
Joey Anderson,"$800,000 ",25,Right,
Blake Wheeler,"$800,000 ",36,Right,NTC
Travis Dermott,"$800,000 ",26,Left,
Tyler Tucker,"$800,000 ",23,Left,
Zayde Wisdom,"$797,500 ",21,Right,
Luke Evangelista,"$797,500 ",21,Right,
Jack Finley,"$797,500 ",20,Right,
Matthew Robertson,"$797,500 ",22,Left,
Tristen Robins,"$797,500 ",21,Right,
Nicholas Robertson,"$796,667 ",21,Left,
Nolan Lalonde,"$796,111 ",19,Left,
Anson Thornton,"$795,556 ",20,Right,
Dmitri Kuzmin,"$795,556 ",20,Left,
Vasili Ponomarev,"$795,000 ",21,Left,
Lukas Cormier,"$793,333 ",21,Left,
Luke Prokop,"$793,333 ",21,Right,
Blake Murray,"$791,667 ",21,Left,
Luke Henman,"$791,667 ",23,Left,
Griffin Mendel,"$790,000 ",24,Left,
Vladislav Kolyachonok,"$789,167 ",22,Left,
Egor Afanasyev,"$789,167 ",22,Left,
Dillon Hamaliuk,"$789,167 ",22,Left,
Nathan Légaré,"$789,167 ",22,Right,
Artemi Kniazev,"$789,167 ",22,Left,
Kaedan Korczak,"$789,167 ",22,Right,
Nikita Okhotiuk,"$789,167 ",22,Left,
Aliaksei Protas,"$789,167 ",22,Left,
Jared McIsaac,"$787,500 ",23,Left,
Jakub Lauko,"$787,500 ",23,Left,
Hunter Jones,"$787,500 ",22,Left,
John Lethemon,"$787,500 ",26,Left,
Wyatt Newpower,"$787,500 ",25,Right,
T.J. Tynan,"$787,500 ",31,Right,
Olle Lycksell,"$787,500 ",23,Left,
Tyler Pitlick,"$787,500 ",31,Right,
Joel Hanley,"$787,500 ",32,Left,
Ben Harpur,"$787,500 ",28,Left,
Akito Hirose,"$787,500 ",24,Left,
Julien Gauthier,"$787,500 ",25,Right,
Arturs Silovs,"$786,111 ",22,Left,
Magnus Hellberg,"$785,000 ",32,Left,
Wade Allison,"$785,000 ",25,Right,
Marcus Kallionkieli,"$784,722 ",22,Left,
Navrin Mutter,"$776,667 ",22,Left,
Andrew Agozzino,"$775,000 ",32,Left,
Alexander Nylander,"$775,000 ",25,Right,
Fredrik Karlström,"$775,000 ",25,Left,
Brandon Bussi,"$775,000 ",25,Right,
Carson Meyer,"$775,000 ",25,Right,
Jacob Larsson,"$775,000 ",26,Left,
Eetu Mäkiniemi,"$775,000 ",24,Left,
Brady Keeper,"$775,000 ",27,Right,
Malcolm Subban,"$775,000 ",29,Left,
Kyle Criscuolo,"$775,000 ",31,Right,
Maxime Lajoie,"$775,000 ",25,Left,
Ryan Shea,"$775,000 ",26,Left,
Colton Poolman,"$775,000 ",27,Left,
Nolan Stevens,"$775,000 ",26,Left,
Derrick Pouliot,"$775,000 ",29,Left,
Karson Kuhlman,"$775,000 ",27,Right,
Hugh McGing,"$775,000 ",24,Left,
Kole Lind,"$775,000 ",24,Right,
Kevin Mandolese,"$775,000 ",22,Left,
Brett Murray,"$775,000 ",24,Left,
Brandon Scanlin,"$775,000 ",24,Left,
Philip Kemp,"$775,000 ",24,Right,
Brogan Rafferty,"$775,000 ",28,Right,
Marshall Rifai,"$775,000 ",25,Left,
Mason Geertsen,"$775,000 ",28,Left,
Benjamin Gleason,"$775,000 ",25,Left,
Jakub Skarek,"$775,000 ",23,Left,
Kristian Reichel,"$775,000 ",25,Right,
Callahan Burke,"$775,000 ",26,Right,
Yegor Zamula,"$775,000 ",23,Left,
Nathan Clurman,"$775,000 ",25,Right,
Rhett Gardner,"$775,000 ",27,Left,
Scott Sabourin,"$775,000 ",30,Right,
Mason Morelli,"$775,000 ",27,Left,
Lucas Condotta,"$775,000 ",25,Left,
Felix Sandström,"$775,000 ",26,Left,
Callahan Burke,"$775,000 ",26,Right,
Yegor Zamula,"$775,000 ",23,Left,
Nathan Clurman,"$775,000 ",25,Right,
Wyatt Aamodt,"$775,000 ",25,Left,
Shane Bowers,"$775,000 ",23,Left,
Jacob Peterson,"$775,000 ",23,Left,
Collin Delia,"$775,000 ",29,Left,
Devin Cooley,"$775,000 ",26,Left,
Connor Mackey,"$775,000 ",26,Left,
Logan Brown,"$775,000 ",25,Left,
Travis Barron,"$775,000 ",24,Left,
Joe Hicketts,"$775,000 ",27,Left,
Calvin De Haan,"$775,000 ",32,Left,
Brady Lyle,"$775,000 ",24,Right,
Robert Hägg,"$775,000 ",28,Left,
Brian Pinho,"$775,000 ",28,Right,
Samuel Fagemo,"$775,000 ",23,Right,
Oskar Sundqvist,"$775,000 ",29,Right,
Ivan Prosvetov,"$775,000 ",24,Left,
Joel Hofer,"$775,000 ",22,Left,
Michael Sgarbossa,"$775,000 ",30,Left,
Lukas Rousek,"$775,000 ",24,Left,
Mackenzie MacEachern,"$775,000 ",29,Left,
Nathan Todd,"$775,000 ",27,Right,
Cole Smith,"$775,000 ",27,Left,
Brett Seney,"$775,000 ",27,Left,
Cam Dineen,"$775,000 ",25,Left,
Jett Woo,"$775,000 ",22,Right,
Alex Petrovic,"$775,000 ",31,Right,
Valtteri Puustinen,"$775,000 ",24,Right,
Ashton Sautner,"$775,000 ",29,Left,
Marcus Bjork,"$775,000 ",25,Right,
Jaret Anderson-Dolan,"$775,000 ",23,Left,
Rourke Chartier,"$775,000 ",27,Left,
Trevor Lewis,"$775,000 ",36,Right,
Ryan Carpenter,"$775,000 ",32,Right,
Nikolas Brouillard,"$775,000 ",28,Left,
Erik Källgren,"$775,000 ",26,Left,
Matt Villalta,"$775,000 ",24,Left,
Riley Tufte,"$775,000 ",25,Left,
Mac Hollowell,"$775,000 ",24,Right,
Matthew Phillips,"$775,000 ",25,Right,
Scott Reedy,"$775,000 ",24,Right,
Kale Clague,"$775,000 ",25,Left,
Rasmus Asplund,"$775,000 ",25,Left,
Valtteri Puustinen,"$775,000 ",24,Right,
Ashton Sautner,"$775,000 ",29,Left,
Cameron Crotty,"$775,000 ",24,Right,
Mikhail Maltsev,"$775,000 ",25,Left,
Dustin Tokarski,"$775,000 ",33,Left,
Marian Studenic,"$775,000 ",24,Left,
Jacob Lucchini,"$775,000 ",28,Left,
William Lagesson,"$775,000 ",27,Left,
Chris Wagner,"$775,000 ",32,Right,
Radim Zohorna,"$775,000 ",27,Left,
Gerald Mayhew,"$775,000 ",30,Right,
John Leonard,"$775,000 ",24,Left,
Nicholas Caamano,"$775,000 ",24,Left,
Riley Sutter,"$775,000 ",23,Right,
Chase Priskie,"$775,000 ",27,Right,
Pierre-Édouard Bellemare,"$775,000 ",38,Left,
Ian Mitchell,"$775,000 ",24,Right,
Nicolas Beaudin,"$775,000 ",23,Left,
Riley Damiani,"$775,000 ",23,Right,
Linus Weissbach,"$775,000 ",25,Left,
Riley Nash,"$775,000 ",34,Right,
Grigori Denisenko,"$775,000 ",23,Right,
Anthony Angello,"$775,000 ",27,Right,
Marc Johnstone,"$775,000 ",27,Right,
Tobias Björnfot,"$775,000 ",22,Left,
Paul Cotter,"$775,000 ",23,Left,
Mark Friedman,"$775,000 ",27,Right,
Michael McCarron,"$775,000 ",28,Right,
Sean Day,"$775,000 ",25,Left,
Joseph Cecconi,"$775,000 ",26,Right,
Taylor Ward,"$775,000 ",25,Right,
Josh Currie,"$775,000 ",30,Right,
Lucas Carlsson,"$775,000 ",25,Left,
John Hayden,"$775,000 ",28,Right,
Zach Sawchenko,"$775,000 ",25,Left,
Jayson Megna,"$775,000 ",33,Right,
Tim Gettinger,"$775,000 ",25,Left,
Corey Schueneman,"$775,000 ",27,Left,
Gavin Bayreuther,"$775,000 ",29,Left,
Connor Carrick,"$775,000 ",29,Right,
Olivier Rodrigue,"$775,000 ",22,Left,
Vinnie Hinostroza,"$775,000 ",29,Right,
Ty Emberson,"$775,000 ",23,Right,
Benoit-Olivier Groulx,"$775,000 ",23,Left,
Michael DiPietro,"$775,000 ",24,Left,
Grant Hutton,"$775,000 ",27,Right,
Guillaume Brisebois,"$775,000 ",25,Left,
Zac Dalpe,"$775,000 ",33,Right,
Anton Blidh,"$775,000 ",28,Left,
Michael Carcone,"$775,000 ",27,Left,
Grant Hutton,"$775,000 ",27,Right,
Guillaume Brisebois,"$775,000 ",25,Left,
Zac Dalpe,"$775,000 ",33,Right,
Anton Blidh,"$775,000 ",28,Left,
Michael Carcone,"$775,000 ",27,Left,
Brayden Pachal,"$775,000 ",23,Right,
Hunter Shepard,"$775,000 ",27,Left,
Jack Ahcan,"$775,000 ",26,Left,
William Lockwood,"$775,000 ",25,Right,
Axel Jonsson-Fjällby,"$775,000 ",25,Left,
Brett Leason,"$775,000 ",24,Right,
Louis Domingue,"$775,000 ",31,Right,
Luke Philp,"$775,000 ",27,Right,
Mathias Laferrière,"$775,000 ",23,Right,
Joshua Dunne,"$775,000 ",24,Right,
Adam Gaudette,"$775,000 ",26,Right,
Jeremy Davies,"$775,000 ",26,Left,
Nick Swaney,"$775,000 ",25,Right,
Bokondji Imama,"$775,000 ",26,Left,
Jimmy Schuldt,"$775,000 ",28,Left,
Anthony Richard,"$775,000 ",26,Left,
Arvid Holm,"$775,000 ",24,Left,
Jack Johnson,"$775,000 ",36,Left,
Mitchell Stephens,"$775,000 ",26,Right,
Leon Gawanke,"$775,000 ",24,Right,
Marc McLaughlin,"$775,000 ",23,Right,
Alec Regula,"$775,000 ",22,Right,
Ben Meyers,"$775,000 ",24,Left,
Phillip Di Giuseppe,"$775,000 ",29,Left,
Louis Belpedio,"$775,000 ",27,Right,
Noah Juulsen,"$775,000 ",26,Right,
Alex Belzile,"$775,000 ",31,Right,
Drake Caggiula,"$775,000 ",29,Left,
Jonas Johansson,"$775,000 ",27,Left,
Joona Koppanen,"$775,000 ",25,Left,
Dryden Hunt,"$775,000 ",27,Left,
Zack MacEwen,"$775,000 ",26,Right,
Nathan Walker,"$775,000 ",29,Left,
Mark Jankowski,"$775,000 ",28,Left,
Jacob Christiansen,"$775,000 ",23,Left,
Fredrik Olofsson,"$775,000 ",27,Left,
Gabriel Fortier,"$775,000 ",23,Left,
Zane McIntyre,"$775,000 ",30,Left,
Connor Brown,"$775,000 ",29,Right,
Matthew Highmore,"$775,000 ",27,Left,
Matt Irwin,"$775,000 ",35,Left,
Josh Jacobs,"$775,000 ",27,Right,
Parker Wotherspoon,"$775,000 ",25,Left,
Troy Grosenick,"$775,000 ",33,Left,
Mitchell Chaffee,"$775,000 ",25,Right,
Lias Andersson,"$775,000 ",24,Left,
Dylan Gambrell,"$775,000 ",26,Right,
Jasper Weatherby,"$775,000 ",25,Left,
Victor Mete,"$775,000 ",25,Left,
Benjamin Jones,"$775,000 ",24,Left,
Nathan Smith,"$775,000 ",24,Right,
Chris Tierney,"$775,000 ",29,Left,
Ty Smith,"$775,000 ",23,Left,
Reilly Walsh,"$775,000 ",24,Right,
Christian Wolanin,"$775,000 ",28,Left,
Matt Tomkins,"$775,000 ",29,Left,
Jake Livingstone,"$775,000 ",24,Right,
Lane Pederson,"$775,000 ",25,Right,
Justin Dowling,"$775,000 ",32,Left,
Gage Quinney,"$775,000 ",27,Left,
Dylan McIlrath,"$775,000 ",31,Right,
Zack MacEwen,"$775,000 ",26,Right,
David Gustafsson,"$775,000 ",23,Left,
Ethen Frank,"$775,000 ",25,Right,
Oscar Dansk,"$775,000 ",29,Left,
Matt Murray,"$775,000 ",25,Left,
Ryan McGregor,"$775,000 ",24,Left,
Dakota Mermis,"$775,000 ",29,Left,
Matt Luff,"$775,000 ",26,Right,
Philippe Maillet,"$775,000 ",30,Left,
Garrett Pilon,"$775,000 ",25,Right,
Justin Richards,"$775,000 ",25,Right,
Wyatt Kalynuk,"$775,000 ",26,Left,
Jeffrey Viel,"$775,000 ",26,Left,
Alex Galchenyuk,"$775,000 ",29,Left,
Trevor Carrick,"$775,000 ",28,Left,
Alex True,"$775,000 ",25,Left,
Martin Pospisil,"$775,000 ",23,Left,
Justus Annunen,"$775,000 ",23,Left,
Alex Limoges,"$775,000 ",25,Left,
Will Butcher,"$775,000 ",28,Left,
Kyle Keyser,"$775,000 ",24,Left,
Mathias Emilio Pettersen,"$775,000 ",23,Left,
Akil Thomas,"$775,000 ",23,Right,
Jonathan Gruden,"$775,000 ",23,Left,
Justin Kirkland,"$775,000 ",26,Left,
Casey Fitzgerald,"$775,000 ",26,Right,
Jesse Ylönen,"$775,000 ",23,Right,
Dominic Toninato,"$775,000 ",29,Left,
Clark Bishop,"$775,000 ",27,Left,
Trey Fix-Wolansky,"$775,000 ",24,Right,
Vinni Lettieri,"$775,000 ",28,Right,
John Ludvig,"$775,000 ",22,Left,
Nick Abruzzese,"$775,000 ",24,Left,
Liam O'Brien,"$775,000 ",28,Left,
Liam O'Brien,"$775,000 ",28,Left,
Jonas Røndbjerg,"$766,667 ",24,Left,
Jake Leschyshyn,"$766,667 ",24,Left,
Johnathan Kovacevic,"$766,667 ",25,Right,
Logan Thompson,"$766,667 ",26,Right,
Joseph Woll,"$766,667 ",24,Left,
Spencer Martin,"$762,500 ",28,Left,
Jaycob Megna,"$762,500 ",30,Left,
Chris Wideman,"$762,500 ",33,Right,
Andy Andreoff,"$762,500 ",32,Left,
Greg McKegg,"$762,500 ",31,Left,
Austin Czarnik,"$762,500 ",30,Right,
Tyler Wotherspoon,"$762,500 ",30,Left,
Jean-Sébastien Dea,"$762,500 ",29,Right,
Jalen Chatfield,"$762,500 ",27,Right,
Billy Sweezey,"$762,500 ",27,Right,
Dillon Heatherington,"$762,500 ",28,Left,
Ken Appleby,"$762,500 ",28,Left,
Andrew Poturalski,"$762,500 ",29,Right,
Byron Froese,"$762,500 ",32,Right,
Jordan Gross,"$762,500 ",28,Right,
Jonny Brodzinski,"$762,500 ",30,Right,
Jacob Moverare,"$762,500 ",24,Left,
Steven Fogarty,"$762,500 ",30,Right,
Kevin Connauton,"$762,500 ",33,Left,
Roland McKeown,"$762,500 ",27,Right,
Brad Hunt,"$762,500 ",34,Left,
Jeff Malott,"$762,500 ",26,Left,
Tyce Thompson,"$762,500 ",23,Right,
Michael Amadio,"$762,500 ",27,Right,
Kyle Clifford,"$762,500 ",32,Left,
Matthew Peca,"$762,500 ",30,Left,
Taylor Fedun,"$762,500 ",35,Right,
Liam Foudy,"$762,500 ",23,Left,
Matt Kiersted,"$762,500 ",25,Left,
Brandon Biro,"$762,500 ",25,Left,
Jacob MacDonald,"$762,500 ",30,Left,
Dennis Gilbert,"$762,500 ",26,Left,
Nicolas Petan,"$762,500 ",28,Left,
Cooper Marody,"$762,500 ",26,Right,
Spencer Smallman,"$762,500 ",26,Right,
Kevin Gravel,"$762,500 ",31,Left,
Dennis Cholowski,"$762,500 ",25,Left,
Vincent Desharnais,"$762,500 ",27,Right,
Brendan Gaunce,"$762,500 ",29,Left,
Sheldon Dries,"$762,500 ",29,Left,
Daniel Renouf,"$762,500 ",29,Left,
Adam Brooks,"$762,500 ",27,Left,
Kyle Capobianco,"$762,500 ",25,Left,
Arnaud Durandeau,"$762,500 ",24,Left,
Adam Brooks,"$762,500 ",27,Left,
Kyle Capobianco,"$762,500 ",25,Left,
Arnaud Durandeau,"$762,500 ",24,Left,
Darren Raddysh,"$762,500 ",27,Right,
Lucas Johansen,"$762,500 ",25,Left,
Calvin Pickard,"$762,500 ",31,Left,
Glenn Gawdin,"$762,500 ",26,Right,
Turner Elson,"$762,500 ",30,Left,
Jack Studnicka,"$762,500 ",24,Right,
Paul LaDue,"$762,500 ",30,Right,
Adam Ruzicka,"$762,500 ",24,Left,
Calle Rosén,"$762,500 ",29,Left,
Beck Malenstyn,"$762,500 ",25,Left,
Stefan Noesen,"$762,500 ",30,Right,
AJ Greer,"$762,500 ",26,Left,
Will Bitten,"$762,500 ",24,Right,
Nick DeSimone,"$762,500 ",28,Right,
Haydn Fleury,"$762,500 ",26,Left,
Colton White,"$762,500 ",26,Left,
David Gust,"$762,500 ",29,Right,
Bobby McMann,"$762,500 ",27,Left,
Max McCormick,"$762,500 ",31,Left,
Brad Malone,"$762,500 ",34,Left,
Daniil Miromanov,"$762,500 ",25,Right,
Xavier Ouellet,"$762,500 ",29,Left,
Sheldon Rempal,"$762,500 ",27,Left,
Chase De Leo,"$762,500 ",27,Left,
Cameron Hughes,"$762,500 ",26,Left,
Tanner Laczynski,"$762,500 ",26,Right,
Jet Greaves,"$758,333 ",22,Left,
Alex Barré-Boulet,"$758,333 ",26,Left,
Taylor Raddysh,"$758,333 ",25,Right,
Boris Katchouk,"$758,333 ",25,Left,