Player,Position,Team,Total TOI(min),GP,TOI/GP(min),G,A,PTS,+/-,S
Erik Karlsson,D,SJS,2100:04:00,82,25:37:00,25,76,101,-25,218
Josh Morrissey,D,WPG,1891:30:00,78,24:15:00,16,60,76,1,187
Quinn Hughes,D,VAN,2000:11:00,78,25:39:00,7,69,76,16,167
Dougie Hamilton,D,NJD,1785:45:00,82,21:47,22,52,74,26,281
Brandon Montour,D,FLA,1929:47:00,80,24:07:00,16,57,73,11,238
Rasmus Dahlin,D,BUF,2011:08:00,78,25:47:00,15,58,73,11,202
Miro Heiskanen,D,DAL,2014:38:00,79,25:30:00,11,62,73,12,205
Adam Fox,D,NYR,2001:09:00,82,24:24:00,12,60,72,29,168
Cale Makar,D,COL,1584:58:00,60,26:25:00,17,49,66,17,181
Vince Dunn,D,SEA,1917:58:00,81,23:41,14,50,64,26,167
Mikhail Sergachev,D,TBL,1882:16:00,79,23:50,10,54,64,13,158
Brent Burns,D,CAR,1903:27:00,82,23:13,18,43,61,18,262
Roman Josi,D,NSH,1686:31:00,67,25:10:00,18,41,59,5,263
Tyson Barrie,D,NSH,1682:04:00,85,19:47,13,42,55,-7,175
Alex Pietrangelo,D,VGK,1755:56:00,73,24:03:00,11,43,54,15,161
Hampus Lindholm,D,BOS,1857:13:00,80,23:13,10,43,53,44,164
Drew Doughty,D,LAK,2125:29:00,81,26:14:00,9,43,52,13,152
Charlie McAvoy,D,BOS,1497:37:00,67,22:21,7,45,52,30,109
Justin Faulk,D,STL,1915:52:00,82,23:22,11,39,50,-4,201
Devon Toews,D,COL,2008:54:00,80,25:07:00,7,43,50,40,172
Noah Dobson,D,NYI,1589:31:00,78,20:23,13,36,49,3,216
Rasmus Andersson,D,CGY,1903:46:00,79,24:06:00,11,38,49,6,162
Victor Hedman,D,TBL,1802:03:00,76,23:43,9,40,49,10,176
Cam Fowler,D,ANA,1982:43:00,82,24:11:00,10,38,48,-21,144
Darnell Nurse,D,EDM,1927:30:00,82,23:30,12,31,43,23,194
K'Andre Miller,D,NYR,1733:37:00,79,21:57,9,34,43,13,117
Tony DeAngelo,D,PHI,1542:43:00,70,22:02,11,31,42,-28,181
Erik Gustafsson,D,TOR,1384:29:00,70,19:47,7,35,42,7,114
Moritz Seider,D,DET,1900:33:00,82,23:11,5,37,42,-12,137
Shayne Gostisbehere,D,CAR,1560:38:00,75,20:49,13,28,41,-4,156
Gustav Forsling,D,FLA,1922:08:00,82,23:26,13,28,41,16,212
Kris Letang,D,PIT,1592:32:00,64,24:53:00,12,29,41,-12,166
Thomas Chabot,D,OTT,1697:50:00,68,24:58:00,11,30,41,-11,180
Shea Theodore,D,VGK,1177:21:00,55,21:24,8,33,41,14,138
Morgan Rielly,D,TOR,1410:00:00,65,21:42,4,37,41,-10,123
Evan Bouchard,D,EDM,1516:19:00,82,18:29,8,32,40,7,160
Filip Hronek,D,VAN,1387:24:00,64,21:41,9,30,39,5,122
Brady Skjei,D,CAR,1767:43:00,81,21:49,18,20,38,7,196
Aaron Ekblad,D,FLA,1663:57:00,71,23:26,14,24,38,-16,197
Sean Durzi,D,LAK,1424:19:00,72,19:47,9,29,38,-13,111
Noah Hanifin,D,CGY,1832:10:00,81,22:37,7,31,38,2,173
Seth Jones,D,CHI,1759:30:00,72,24:26:00,12,25,37,-39,184
Samuel Girard,D,COL,1633:51:00,76,21:30,6,31,37,-10,119
Dmitry Orlov,D,BOS,1488:11:00,66,22:33,7,29,36,12,120
Rasmus Sandin,D,WSH,1371:31:00,71,19:19,7,28,35,3,86
Owen Power,D,BUF,1880:34:00,79,23:48,4,31,35,11,135
Jared Spurgeon,D,MIN,1725:17:00,79,21:50,11,23,34,35,161
Mike Matheson,D,MTL,1173:50:00,48,24:27:00,8,26,34,8,128
Justin Schultz,D,SEA,1298:36:00,73,17:47,7,27,34,4,106
Juuso Valimaki,D,ARI,1416:15:00,78,18:09,4,30,34,-11,90
John Klingberg,D,MIN,1381:58:00,67,20:38,10,23,33,-25,121
Neal Pionk,D,WPG,1798:31:00,82,21:56,10,23,33,-13,149
Jakob Chychrun,D,OTT,1091:38:00,48,22:45,9,24,33,8,136
Adam Larsson,D,SEA,1939:29:00,82,23:39,8,25,33,25,151
Damon Severson,D,NJD,1617:41:00,81,19:58,7,26,33,9,108
Mattias Ekholm,D,EDM,1675:56:00,78,21:29,9,23,32,26,143
Torey Krug,D,STL,1171:48:00,63,18:36,7,25,32,-27,138
Jake Sanderson,D,OTT,1688:51:00,77,21:56,4,28,32,-7,134
Janis Jerome Moser,D,ARI,1726:42:00,82,21:03,7,24,31,-13,96
Jeff Petry,D,PIT,1361:31:00,61,22:19,5,26,31,1,123
MacKenzie Weegar,D,CGY,1709:55:00,81,21:07,4,27,31,17,175
Jacob Trouba,D,NYR,1737:05:00,82,21:11,8,22,30,6,208
Brett Pesce,D,CAR,1806:10:00,82,22:02,5,25,30,11,135
John Carlson,D,WSH,936:05:00,40,23:24,9,20,29,-8,129
Nick Jensen,D,WSH,1587:23:00,77,20:37,5,24,29,0,128
Calen Addison,D,MIN,997:34:00,62,16:05,3,26,29,-17,82
Jaccob Slavin,D,CAR,1669:42:00,76,21:58,7,20,27,19,140
Ivan Provorov,D,PHI,1889:51:00,82,23:03,6,21,27,-17,119
Dylan DeMelo,D,WPG,1467:14:00,75,19:34,6,21,27,11,90
Kevin Shattenkirk,D,ANA,1445:35:00,75,19:16,4,23,27,-20,145
Colton Parayko,D,STL,1816:55:00,79,23:00,4,23,27,-17,137
Matt Roy,D,LAK,1539:08:00,82,18:46,9,17,26,8,130
Ryan Graves,D,NJD,1554:26:00,78,19:56,8,18,26,31,143
Ryan Pulock,D,NYI,1714:54:00,82,20:55,5,21,26,8,136
Matt Grzelcyk,D,BOS,1293:16:00,75,17:15,4,22,26,44,108
Jamie Oleksiak,D,SEA,1443:23:00,75,19:15,9,16,25,14,78
Ryan Suter,D,DAL,1670:18:00,82,20:22,3,22,25,2,92
Jake McCabe,D,TOR,1480:13:00,76,19:29,3,22,25,19,93
Brian Dumoulin,D,PIT,1695:37:00,82,20:41,1,24,25,-4,83
Bowen Byram,D,COL,918:31:00,42,21:52,10,14,24,5,68
Esa Lindell,D,DAL,1633:02:00,82,19:55,8,16,24,29,119
Scott Mayfield,D,NYI,1723:39:00,82,21:01,6,18,24,9,121
Adam Boqvist,D,CBJ,857:08:00,46,18:38,5,19,24,-10,75
Mark Giordano,D,TOR,1476:30:00,78,18:56,4,20,24,26,112
Marcus Pettersson,D,PIT,1398:43:00,68,20:34,1,23,24,4,102
Matt Benning,D,SJS,1522:55:00,77,19:47,1,23,24,-17,62
Trevor van Riemsdyk,D,WSH,1433:08:00,75,19:07,7,16,23,10,101
Travis Sanheim,D,PHI,1651:49:00,81,20:24,7,16,23,-6,119
Olli Maatta,D,DET,1458:28:00,78,18:42,6,17,23,-11,68
Connor Clifton,D,BOS,1390:53:00,78,17:50,5,18,23,23,92
Sebastian Aho,D,NYI,1189:46:00,71,16:45,5,18,23,9,87
Nick Leddy,D,STL,1647:30:00,78,21:07,2,21,23,4,80
Brenden Dillon,D,WPG,1605:25:00,82,19:35,2,21,23,1,90
Luke Schenn,D,TOR,1147:18:00,70,16:23,4,18,22,11,83
Oliver Ekman-Larsson,D,VAN,1090:21:00,54,20:12,2,20,22,-22,96
Alexander Romanov,D,NYI,1476:48:00,76,19:26,2,20,22,14,103
Nikita Zadorov,D,CGY,1530:57:00,82,18:40,14,7,21,9,136
Travis Hamonic,D,OTT,1392:13:00,75,18:34,6,15,21,-4,132
Colin Miller,D,DAL,1324:19:00,79,16:46,6,15,21,23,113
Adam Pelech,D,NYI,1322:31:00,61,21:41,6,15,21,16,102
Pierre-Olivier Joseph,D,PIT,1142:22:00,75,15:14,5,16,21,8,103
Jonas Siegenthaler,D,NJD,1612:20:00,80,20:09,4,17,21,29,88
Mikey Anderson,D,LAK,1667:19:00,77,21:39,5,15,20,20,95
Nick Perbix,D,TBL,1060:24:00,69,15:22,5,15,20,12,112
Rasmus Ristolainen,D,PHI,1409:49:00,74,19:03,3,17,20,-3,87
David Savard,D,MTL,1390:03:00,62,22:25,3,17,20,-14,59
Brett Kulak,D,EDM,1432:58:00,82,17:29,3,17,20,15,114
William Borgen,D,SEA,1339:36:00,82,16:20,3,17,20,11,87
Ryan McDonagh,D,NSH,1527:42:00,71,21:31,2,18,20,12,76
Cam York,D,PHI,1060:18:00,54,19:38,2,18,20,-1,51
Nate Schmidt,D,WPG,1310:51:00,71,18:28,7,12,19,16,112
Vladislav Gavrikov,D,LAK,1581:40:00,72,21:58,6,13,19,5,93
Ben Chiarot,D,DET,1566:09:00,76,20:36,5,14,19,-33,112
Jake Walman,D,DET,1242:24:00,63,19:43,9,9,18,11,145
Calle Rosen,D,STL,763:56:00,49,15:35,8,10,18,18,69
Timothy Liljegren,D,TOR,1199:46:00,67,17:54,6,12,18,24,91
Braden Schneider,D,NYR,1270:36:00,81,15:41,5,13,18,10,81
John Marino,D,NJD,1349:10:00,64,21:05,4,14,18,20,68
Kaiden Guhle,D,MTL,902:45:00,44,20:31,4,14,18,-19,46
Justin Holl,D,TOR,1620:47:00,80,20:16,2,16,18,17,69
Erik Brännström,D,OTT,1191:49:00,74,16:06,2,16,18,5,74
Marc-Edouard Vlasic,D,SJS,1361:53:00,78,17:28,1,17,18,-13,70
Ryan Lindgren,D,NYR,1187:55:00,63,18:51,1,17,18,28,86
Jordan Harris,D,MTL,1211:22:00,65,18:38,4,13,17,-6,73
Ian Cole,D,TBL,1512:10:00,78,19:23,3,14,17,12,100
Nicolas Hague,D,VGK,1460:50:00,81,18:02,3,14,17,6,104
Radko Gudas,D,FLA,1249:05:00,72,17:21,2,15,17,14,115
Brayden McNabb,D,VGK,1626:33:00,82,19:50,1,16,17,19,97
Tyler Myers,D,VAN,1629:58:00,78,20:54,1,16,17,-13,101
Jani Hakanpaa,D,DAL,1584:28:00,82,19:19,6,10,16,18,94
Martin Fehervary,D,WSH,1339:54:00,67,20:00,6,10,16,-10,92
Nils Lundkvist,D,DAL,978:54:00,60,16:19,6,10,16,-5,98
Joshua Mahura,D,FLA,1149:50:00,82,14:01,4,12,16,17,89
Caleb Jones,D,CHI,1398:53:00,73,19:10,4,12,16,-19,93
Dmitry Kulikov,D,PIT,1305:52:00,67,19:29,3,13,16,-12,83
Ethan Bear,D,VAN,1130:18:00,61,18:32,3,13,16,4,72
Brandon Carlo,D,BOS,1410:14:00,75,18:48,3,13,16,43,88
Carson Soucy,D,SEA,1270:36:00,78,16:17,3,13,16,18,88
Nick Holden,D,OTT,1084:36:00,65,16:41,2,14,16,1,79
Erik Cernak,D,TBL,1349:21:00,70,19:17,2,14,16,8,85
Justin Barron,D,MTL,635:45:00,39,16:18,4,11,15,-2,45
Marc Staal,D,FLA,1492:09:00,82,18:12,3,12,15,11,61
Jacob Middleton,D,MIN,1505:30:00,79,19:03,3,12,15,17,85
Johnathan Kovacevic,D,MTL,1341:14:00,77,17:25,3,12,15,3,99
Cody Ceci,D,EDM,1612:51:00,80,20:10,1,14,15,12,86
Jalen Chatfield,D,CAR,1101:12:00,78,14:07,6,8,14,24,100
Matt Dumba,D,MIN,1679:35:00,79,21:16,4,10,14,-10,101
Nick Seeler,D,PHI,1113:54:00,77,14:28,4,10,14,2,85
Nick Blankenburg,D,CBJ,690:08:00,36,19:10,4,10,14,-16,55
Alec Martinez,D,VGK,1484:32:00,77,19:17,3,11,14,31,84
Jonas Brodin,D,MIN,1372:48:00,60,22:53,3,11,14,11,105
Troy Stecher,D,CGY,1322:20:00,81,16:20,3,11,14,-7,93
TJ Brodie,D,TOR,1230:14:00,58,21:13,2,12,14,11,55
Ilya Lyubushkin,D,BUF,1021:00:00,68,15:01,2,12,14,-3,45
Conor Timmins,D,TOR,407:18:00,27,15:05,2,12,14,-1,19
Gavin Bayreuther,D,CBJ,812:25:00,51,15:56,2,12,14,-18,61
Connor Murphy,D,CHI,1554:32:00,80,19:26,7,6,13,-10,94
Andrew Peeke,D,CBJ,1698:56:00,80,21:14,6,7,13,-40,90
Arber Xhekaj,D,MTL,778:05:00,51,15:15,5,8,13,-10,74
Henri Jokiharju,D,BUF,1262:44:00,60,21:03,3,10,13,-12,82
Sean Walker,D,LAK,1036:02:00,70,14:48,3,10,13,-4,100
Joel Edmundson,D,MTL,1191:50:00,61,19:32,2,11,13,-28,59
Christopher Tanev,D,CGY,1309:28:00,65,20:09,1,12,13,7,87
Erik Gudbranson,D,CBJ,1492:16:00,70,21:19,1,12,13,-25,96
Derek Forbort,D,BOS,958:11:00,54,17:45,5,7,12,14,39
Zach Whitecloud,D,VGK,1006:34:00,59,17:04,5,7,12,10,60
Jeremy Lauzon,D,NSH,1128:28:00,67,16:51,3,9,12,-10,79
Calvin De Haan,D,CAR,715:59:00,53,13:31,2,10,12,8,55
Jon Merrill,D,MIN,1104:05:00,73,15:07,2,10,12,-2,41
Jaycob Megna,D,SEA,1018:47:00,54,18:52,1,11,12,4,53
Michael Stone,D,CGY,637:47:00,48,13:17,6,5,11,1,95
Scott Harrington,D,ANA,739:21:00,45,16:26,4,7,11,-7,35
Mario Ferraro,D,SJS,1555:15:00,72,21:36,4,7,11,-32,62
Marcus Björk,D,CBJ,598:55:00,33,18:09,3,8,11,-8,37
Alexander Edler,D,LAK,945:39:00,64,14:47,2,9,11,-1,60
Jordan Oesterle,D,DET,813:15:00,52,15:38,2,9,11,-9,53
Dante Fabbro,D,NSH,1378:09:00,79,17:27,2,9,11,-4,97
Brad Hunt,D,COL,525:53:00,47,11:11,4,6,10,4,52
Artem Zub,D,OTT,1073:28:00,53,20:15,3,7,10,2,48
Simon Benoit,D,ANA,1509:30:00,78,19:21,3,7,10,-27,80
Josh Manson,D,COL,477:18:00,27,17:41,2,8,10,13,36
Mattias Samuelsson,D,BUF,1219:02:00,55,22:10,2,8,10,15,75
Jan Rutta,D,PIT,959:04:00,56,17:08,3,6,9,2,61
Alexandre Carrier,D,NSH,769:13:00,43,17:53,2,7,9,0,50
Jacob Bryson,D,BUF,861:25:00,59,14:36,1,8,9,-25,25
Victor Söderström,D,ARI,485:11:00,30,16:10,0,9,9,-3,33
Zach Werenski,D,CBJ,306:29:00,13,23:35,3,5,8,-6,43
Ben Hutton,D,VGK,494:24:00,31,15:57,3,5,8,0,58
Jack Johnson,D,COL,1588:37:00,83,19:08,2,6,8,-14,94
Jarred Tinordi,D,CHI,724:29:00,44,16:28,2,6,8,-17,33
Kevin Bahl,D,NJD,587:56:00,42,14:00,2,6,8,3,32
Dylan Samberg,D,WPG,939:26:00,63,14:55,2,6,8,12,58
Riley Stillman,D,BUF,731:33:00,50,14:38,1,7,8,-14,42
Nikita Zaitsev,D,CHI,757:21:00,46,16:28,1,7,8,-10,24
Jacob MacDonald,D,SJS,696:45:00,58,12:01,1,7,8,-15,81
Ian Mitchell,D,CHI,553:37:00,35,15:49,1,7,8,-8,26
Philip Broberg,D,EDM,579:10:00,46,12:35,1,7,8,7,32
Gustav Lindström,D,DET,509:30:00,36,14:09,1,7,8,-16,17
Erik Johnson,D,COL,1087:34:00,63,17:16,0,8,8,8,101
Josh Brown,D,ARI,1072:11:00,68,15:46,4,3,7,-16,66
Connor Mackey,D,ARI,421:17:00,30,14:03,3,4,7,-4,30
Robert Hagg,D,DET,589:49:00,38,15:31,2,5,7,-3,44
Cal Foote,D,NSH,754:25:00,50,15:05,2,5,7,6,35
Alex Goligoski,D,MIN,811:15:00,46,17:38,2,4,6,-11,68
Daniil Miromanov,D,VGK,238:29:00,14,17:02,2,4,6,-6,22
Ben Harpur,D,NYR,591:40:00,42,14:05,1,5,6,0,35
Niko Mikkola,D,NYR,1411:26:00,81,17:26,1,5,6,5,74
Kurtis MacDermid,D,COL,365:48:00,44,8:19,1,5,6,-1,21
Jake Bean,D,CBJ,219:57:00,14,15:43,1,5,6,-3,19
Chris Wideman,D,MTL,622:16:00,46,13:32,0,6,6,-6,34
Colton White,D,ANA,668:09:00,46,14:31,0,6,6,-19,34
Matt Irwin,D,WSH,792:54:00,61,13:00,2,3,5,-8,80
Robert Bortuzzo,D,STL,540:18:00,43,12:34,2,3,5,9,30
Kyle Burroughs,D,VAN,832:49:00,48,17:21,2,3,5,-6,45
Zach Bogosian,D,TBL,688:17:00,46,14:58,1,4,5,-4,62
Chad Ruhwedel,D,PIT,683:09:00,47,14:32,1,4,5,-4,36
Isaak Phillips,D,CHI,248:25:00,16,15:32,1,4,5,-10,16
Patrik Nemeth,D,ARI,1331:33:00,75,17:45,0,5,5,-7,68
Brendan Smith,D,NJD,932:22:00,60,15:32,0,5,5,2,61
Vincent Desharnais,D,EDM,487:50:00,36,13:33,0,5,5,15,18
Alexander Alexeyev,D,WSH,525:39:00,32,16:26,0,5,5,-2,25
Robin Salo,D,NYI,122:45:00,11,11:10,2,2,4,1,10
Dennis Gilbert,D,CGY,268:57:00,23,11:42,1,3,4,0,14
Matt Kiersted,D,FLA,196:26:00,20,9:49,1,3,4,4,13
Jakub Zboril,D,BOS,290:09:00,22,13:11,1,3,4,1,11
Ty Smith,D,PIT,182:01:00,9,20:13,1,3,4,3,27
Tyler Tucker,D,STL,380:13:00,26,14:37,1,3,4,-9,26
Nathan Beaulieu,D,ANA,791:32:00,52,15:13,0,4,4,-22,36
Andreas Englund,D,CHI,568:04:00,47,12:05,0,4,4,-1,30
Kale Clague,D,BUF,498:03:00,33,15:06,0,4,4,-3,25
Jake Christiansen,D,CBJ,364:44:00,24,15:12,0,4,4,-7,25
Egor Zamula,D,PHI,187:14:00,14,13:22,0,4,4,0,8
Nick Cicek,D,SJS,230:11:00,16,14:23,0,4,4,-7,4
Jordan Gross,D,NSH,281:30:00,15,18:46,3,0,3,-3,28
Samuel Bolduc,D,NYI,244:54:00,17,14:24,2,1,3,5,22
Mark Friedman,D,PIT,331:24:00,23,14:25,1,2,3,2,37
Philippe Myers,D,TBL,126:28:00,11,11:30,1,2,3,0,21
Logan Stanley,D,WPG,260:29:00,19,13:43,1,2,3,-1,13
Darren Raddysh,D,TBL,280:04:00,17,16:28,1,2,3,-4,22
Lawrence Pilut,D,BUF,217:55:00,17,12:49,1,2,3,-4,16
Guillaume Brisebois,D,VAN,281:23:00,17,16:33,1,2,3,-2,16
Radim Simek,D,SJS,644:21:00,44,14:39,1,2,3,-13,38
Tim Berni,D,CBJ,1001:22:00,59,16:58,1,2,3,-27,60
Filip Roos,D,CHI,274:59:00,17,16:11,1,2,3,-5,22
Ryan Murray,D,EDM,171:40:00,13,13:12,0,3,3,-6,8
Christian Wolanin,D,VAN,251:54:00,16,15:45,0,3,3,4,18
Dylan Coghlan,D,CAR,216:07:00,17,12:43,0,3,3,-1,30
Casey Fitzgerald,D,FLA,320:45:00,27,11:53,0,3,3,-2,15
Akito Hirose,D,VAN,122:17:00,7,17:28,0,3,3,-1,8
Mike Kesselring,D,ARI,153:37:00,9,17:04,0,3,3,-1,8
Wyatt Kaiser,D,CHI,167:33:00,9,18:37,0,3,3,-4,14
Kyle Capobianco,D,WPG,172:17:00,14,12:18,2,0,2,1,16
Simon Edvinsson,D,DET,153:34:00,9,17:04,2,0,2,-7,7
Jordie Benn,D,TOR,189:39:00,12,15:48,1,1,2,-1,12
Marco Scandella,D,STL,356:52:00,20,17:51,1,1,2,3,18
Jack Rathbone,D,VAN,156:24:00,11,14:13,1,1,2,-1,14
Zac Jones,D,NYR,249:48:00,16,15:37,1,1,2,-3,12
Luke Hughes,D,NJD,32:28:00,2,16:14,1,1,2,0,2
Justin Braun,D,PHI,763:37:00,51,14:58,0,2,2,-1,44
Joel Hanley,D,DAL,302:09:00,26,11:37,0,2,2,4,12
Derrick Pouliot,D,SJS,135:34:00,8,16:57,0,2,2,-2,8
Urho Vaakanainen,D,ANA,378:04:00,23,16:26,0,2,2,-16,27
Gabriel Carlsson,D,WSH,82:34:00,6,13:46,0,2,2,-1,3
Victor Mete,D,TOR,143:37:00,11,13:03,0,2,2,3,7
Spencer Stastney,D,NSH,140:38:00,8,17:35,0,2,2,4,12
Brayden Pachal,D,VGK,166:25:00,10,16:38,0,2,2,2,18
Mac Hollowell,D,TOR,77:28:00,6,12:55,0,2,2,3,4
Thomas Harley,D,DAL,100:36:00,6,16:46,0,2,2,5,7
Henry Thrun,D,SJS,158:54:00,8,19:52,0,2,2,-3,9
Kaedan Korczak,D,VGK,175:24:00,10,17:32,0,2,2,-2,14
Tyler Kleven,D,OTT,117:26:00,8,14:41,0,2,2,-1,15
Brandt Clarke,D,LAK,122:40:00,9,13:38,0,2,2,-1,9
Travis Dermott,D,VAN,151:12:00,11,13:45,1,0,1,-5,8
Libor Hajek,D,NYR,211:44:00,16,13:14,1,0,1,2,10
Nikita Okhotiuk,D,NJD,117:09:00,10,11:43,1,0,1,1,5
Drew Helleson,D,ANA,40:57:00,3,13:39,1,0,1,0,4
Nikolai Knyzhov,D,SJS,193:46:00,12,16:09,1,0,1,-13,10
Cole McWard,D,VAN,70:58:00,5,14:12,1,0,1,0,6
Jake Muzzin,D,TOR,67:02:00,4,16:45,0,1,1,0,9
Kevin Gravel,D,NSH,327:46:00,23,14:15,0,1,1,-10,17
Dylan McIlrath,D,WSH,69:48:00,6,11:38,0,1,1,-6,1
Connor Carrick,D,BOS,16:57,1,16:57,0,1,1,3,2
Haydn Fleury,D,TBL,370:34:00,29,12:47,0,1,1,-10,32
Mike Reilly,D,BOS,167:43:00,10,16:46,0,1,1,0,11
Steven Santini,D,STL,49:56:00,4,12:29,0,1,1,0,4
Parker Wotherspoon,D,NYI,159:45:00,12,13:19,0,1,1,5,9
Tucker Poolman,D,VAN,41:52:00,3,13:57,0,1,1,1,4
Billy Sweezey,D,CBJ,153:59:00,9,17:07,0,1,1,-3,2
Cale Fleury,D,SEA,159:28:00,12,13:17,0,1,1,0,14
Alex Vlasic,D,CHI,117:49:00,6,19:38,0,1,1,-1,2
Jake Livingstone,D,NSH,77:17:00,5,15:27,0,1,1,-2,5
Jacob Bernard-Docker,D,OTT,304:01:00,19,16:00,0,1,1,-2,21
Ville Heinola,D,WPG,132:32:00,10,13:15,0,1,1,-5,6
Tobias Björnfot,D,LAK,142:40:00,10,14:16,0,1,1,1,12
Jordan Spence,D,LAK,83:55:00,6,13:59,0,1,1,1,8
Vincent Iorio,D,WSH,43:01:00,3,14:20,0,1,1,0,1
Corey Schueneman,D,MTL,102:57:00,7,14:42,0,1,1,1,9
Stanislav Svozil,D,CBJ,40:04:00,2,20:02,0,1,1,-3,3
Mark Borowiecki,D,NSH,39:39:00,4,9:55,0,0,0,0,1
Jason Demers,D,EDM,10:44,1,10:44,0,0,0,-1,1
Anton Stralman,D,BOS,122:16:00,8,15:17,0,0,0,-3,3
Roland McKeown,D,NSH,77:51:00,6,12:58,0,0,0,1,5
Noah Juulsen,D,VAN,179:35:00,12,14:58,0,0,0,1,8
Taylor Fedun,D,PIT,44:05:00,4,11:01,0,0,0,0,5
Jacob Larsson,D,OTT,83:47:00,7,11:58,0,0,0,1,5
Dysin Mayo,D,ARI,175:58:00,15,11:44,0,0,0,-8,11
Dakota Mermis,D,MIN,28:50:00,2,14:25,0,0,0,-1,2
Dillon Heatherington,D,OTT,27:47:00,3,9:16,0,0,0,-3,1
Gustav Olofsson,D,SEA,38:37:00,3,12:52,0,0,0,1,6
Dan Renouf,D,BOS,11:43,1,11:43,0,0,0,-2,4
Maxime Lajoie,D,CAR,23:31,3,7:50,0,0,0,0,2
Lucas Johansen,D,WSH,25:23:00,2,12:42,0,0,0,0,3
Frederic Allard,D,MTL,41:35:00,3,13:52,0,0,0,1,6
Markus Niemelainen,D,EDM,230:51:00,23,10:02,0,0,0,3,17
Dennis Cholowski,D,NYI,25:32:00,2,12:46,0,0,0,-1,1
Jeremy Davies,D,BUF,8:30,1,8:30,0,0,0,0,1
Austin Strand,D,ANA,61:38:00,5,12:20,0,0,0,-2,5
Dmitri Samorukov,D,STL,29:46:00,2,14:53,0,0,0,-1,1
Alec Regula,D,CHI,66:17:00,4,16:34,0,0,0,-3,3
Nick DeSimone,D,CGY,45:03:00,4,11:16,0,0,0,-4,4
Adam Ginning,D,PHI,16:37,1,16:37,0,0,0,0,0
Lucas Carlsson,D,FLA,20:11,2,10:06,0,0,0,-1,3
Maxence Guenette,D,OTT,8:43,1,8:43,0,0,0,-1,1
Matt Kessel,D,STL,30:18:00,2,15:09,0,0,0,-1,3
Filip Kral,D,TOR,19:56,2,9:58,0,0,0,0,1
Lassi Thomson,D,OTT,21:46,2,10:53,0,0,0,-2,2
Samuel Knazko,D,CBJ,31:22:00,2,15:41,0,0,0,0,0
Jackson Lacombe,D,ANA,36:55:00,2,18:27,0,0,0,-1,1
Vladislav Kolyachonok,D,ARI,27:28:00,2,13:44,0,0,0,0,1
Jacob Moverare,D,LAK,29:54:00,2,14:57,0,0,0,-1,5
Jamie Drysdale,D,ANA,140:57:00,8,17:37,0,0,0,-3,10
Brock Faber,D,MIN,40:16:00,2,20:08,0,0,0,2,1
Ronald Attard,D,PHI,33:33:00,2,16:46,0,0,0,0,5
David Jiricek,D,CBJ,72:14:00,4,18:03,0,0,0,-4,5
Connor McDavid,F,EDM,1834:24:00,82,22:22,64,89,153,21,343
Leon Draisaitl,F,EDM,1740:06:00,80,21:45,52,76,128,8,257
David Pastrnak,F,BOS,1605:01:00,82,19:34,61,52,113,35,402
Nikita Kucherov,F,TBL,1650:18:00,82,20:08,30,83,113,-2,265
Nathan MacKinnon,F,COL,1585:35:00,71,22:20,42,69,111,27,349
Jason Robertson,F,DAL,1543:23:00,82,18:49,46,63,109,35,294
Matthew Tkachuk,F,FLA,1614:44:00,79,20:26,40,69,109,29,293
Mikko Rantanen,F,COL,1823:39:00,82,22:14,55,50,105,15,295
Ryan Nugent-Hopkins,F,EDM,1624:24:00,82,19:49,37,67,104,11,203
Elias Pettersson,F,VAN,1645:54:00,80,20:34,39,63,102,14,257
Jack Hughes,F,NJD,1556:33:00,78,19:57,43,56,99,9,327
Mitchell Marner,F,TOR,1702:17:00,80,21:17,30,69,99,20,207
Brayden Point,F,TBL,1612:43:00,82,19:40,51,44,95,2,229
Tage Thompson,F,BUF,1450:41:00,78,18:36,47,47,94,4,301
Sidney Crosby,F,PIT,1651:39:00,82,20:09,33,60,93,8,259
Artemi Panarin,F,NYR,1606:10:00,82,19:35,29,63,92,4,209
Mika Zibanejad,F,NYR,1638:38:00,82,19:59,39,52,91,24,243
Tim Stützle,F,OTT,1658:25:00,78,21:16,39,51,90,-3,222
William Nylander,F,TOR,1522:24:00,82,18:34,40,47,87,8,296
Clayton Keller,F,ARI,1702:57:00,82,20:46,37,49,86,-1,227
Auston Matthews,F,TOR,1497:42:00,74,20:14,40,45,85,31,326
Steven Stamkos,F,TBL,1541:34:00,81,19:02,34,50,84,-5,229
Zach Hyman,F,EDM,1592:43:00,79,20:10,36,47,83,12,254
Brady Tkachuk,F,OTT,1528:00:00,82,18:38,35,48,83,-9,329
Evgeni Malkin,F,PIT,1523:01:00,82,18:34,27,56,83,-12,229
Jeff Skinner,F,BUF,1375:14:00,79,17:24,35,47,82,15,229
J.T. Miller,F,VAN,1675:58:00,81,20:41,32,50,82,-8,216
John Tavares,F,TOR,1415:41:00,80,17:42,36,44,80,-6,260
Kyle Connor,F,WPG,1682:59:00,82,20:31,31,49,80,-12,276
Nico Hischier,F,NJD,1564:50:00,81,19:19,31,49,80,33,254
Alex Tuch,F,BUF,1417:00:00,74,19:09,36,43,79,15,206
Claude Giroux,F,OTT,1544:30:00,82,18:50,35,44,79,3,207
Dylan Larkin,F,DET,1565:35:00,80,19:34,32,47,79,-8,252
Jamie Benn,F,DAL,1296:26:00,82,15:49,33,45,78,23,185
Aleksander Barkov,F,FLA,1445:27:00,68,21:15,23,55,78,9,199
Joe Pavelski,F,DAL,1452:57:00,82,17:43,28,49,77,40,178
Alex Ovechkin,F,WSH,1474:35:00,73,20:12,42,33,75,-17,294
Kirill Kaprizov,F,MIN,1413:54:00,67,21:06,40,35,75,2,270
Roope Hintz,F,DAL,1281:09:00,73,17:33,37,38,75,31,180
Brock Nelson,F,NYI,1513:29:00,82,18:27,36,39,75,14,232
Andrei Kuzmenko,F,VAN,1315:45:00,81,16:15,39,35,74,7,140
Anze Kopitar,F,LAK,1664:49:00,82,20:18,28,46,74,21,167
Johnny Gaudreau,F,CBJ,1552:34:00,80,19:24,21,53,74,-35,218
Carter Verhaeghe,F,FLA,1417:07:00,81,17:30,42,31,73,9,238
Jordan Kyrou,F,STL,1422:22:00,79,18:00,37,36,73,-37,270
Jake Guentzel,F,PIT,1570:43:00,78,20:08,36,37,73,0,233
Tyler Toffoli,F,CGY,1363:41:00,82,16:38,34,39,73,15,275
Jesper Bratt,F,NJD,1424:31:00,82,17:22,32,41,73,12,217
Kevin Fiala,F,LAK,1212:44:00,69,17:35,23,49,72,2,190
Martin Necas,F,CAR,1508:26:00,82,18:24,28,43,71,6,242
Jared McCann,F,SEA,1291:45:00,79,16:21,40,30,70,18,230
Bo Horvat,F,NYI,1633:02:00,79,20:40,38,32,70,0,213
Mark Scheifele,F,WPG,1660:04:00,81,20:30,42,26,68,-16,197
Dylan Cozens,F,BUF,1336:31:00,81,16:30,31,37,68,-3,208
Adrian Kempe,F,LAK,1539:22:00,82,18:46,41,26,67,23,240
Sebastian Aho,F,CAR,1462:25:00,75,19:30,36,31,67,8,226
Sam Reinhart,F,FLA,1623:13:00,82,19:48,31,36,67,-13,202
Logan Couture,F,SJS,1570:11:00,82,19:09,27,40,67,-30,192
Pavel Buchnevich,F,STL,1227:14:00,63,19:29,26,41,67,15,126
Mats Zuccarello,F,MIN,1574:25:00,78,20:11,22,45,67,-4,197
Brad Marchand,F,BOS,1357:13:00,73,18:36,21,46,67,29,175
Timo Meier,F,NJD,1513:09:00,78,19:24,40,26,66,-20,327
Jack Eichel,F,VGK,1255:32:00,67,18:44,27,39,66,26,208
Alex Debrincat,F,OTT,1558:52:00,82,19:01,27,39,66,-32,265
Nick Suzuki,F,MTL,1729:43:00,82,21:06,26,40,66,-13,166
Dylan Strome,F,WSH,1351:28:00,81,16:41,23,42,65,-5,162
Trevor Zegras,F,ANA,1524:04:00,81,18:49,23,42,65,-25,187
Brayden Schenn,F,STL,1512:39:00,82,18:27,21,44,65,-27,151
Robert Thomas,F,STL,1412:46:00,73,19:21,18,47,65,-8,99
Chandler Stephenson,F,VGK,1541:54:00,81,19:02,16,49,65,13,110
Brandon Hagel,F,TBL,1510:04:00,81,18:39,30,34,64,23,175
Alex Killorn,F,TBL,1412:11:00,82,17:13,27,37,64,17,134
Vincent Trocheck,F,NYR,1582:30:00,82,19:18,22,42,64,3,226
Elias Lindholm,F,CGY,1495:57:00,80,18:42,22,42,64,5,190
Matt Boldy,F,MIN,1498:24:00,81,18:30,31,32,63,2,262
Pierre-Luc Dubois,F,WPG,1348:02:00,73,18:28,27,36,63,5,203
Tomas Hertl,F,SJS,1524:22:00,79,19:18,22,41,63,-36,166
Jordan Eberle,F,SEA,1367:00:00,82,16:40,20,43,63,6,175
Drake Batherson,F,OTT,1525:27:00,82,18:36,22,40,62,-35,239
Travis Konecny,F,PHI,1207:03:00,60,20:07,31,30,61,-12,185
Joel Eriksson Ek,F,MIN,1484:31:00,78,19:02,23,38,61,4,251
Troy Terry,F,ANA,1356:26:00,70,19:23,23,38,61,-7,195
Rickard Rakell,F,PIT,1511:52:00,82,18:26,28,32,60,-5,236
Viktor Arvidsson,F,LAK,1317:36:00,77,17:07,26,33,59,-4,233
Casey Mittelstadt,F,BUF,1290:44:00,82,15:44,15,44,59,-9,131
Patrice Bergeron,F,BOS,1362:46:00,78,17:28,27,31,58,34,237
Nick Schmaltz,F,ARI,1242:58:00,63,19:44,22,36,58,5,137
Jonathan Marchessault,F,VGK,1301:14:00,76,17:07,28,29,57,1,237
Matthew Beniers,F,SEA,1367:25:00,80,17:06,24,33,57,14,142
Patrick Kane,F,NYR,1412:38:00,73,19:21,21,36,57,-22,223
Pavel Zacha,F,BOS,1316:05:00,82,16:03,21,36,57,26,123
Dawson Mercer,F,NJD,1357:10:00,82,16:33,27,29,56,24,147
Reilly Smith,F,VGK,1327:31:00,78,17:01,26,30,56,10,174
Nazem Kadri,F,CGY,1410:10:00,82,17:12,24,32,56,-19,269
David Perron,F,DET,1387:55:00,82,16:56,24,32,56,-7,179
Matt Duchene,F,NSH,1301:06:00,71,18:20,22,34,56,4,158
Max Domi,F,DAL,1425:27:00,80,17:49,20,36,56,-14,181
Mikael Backlund,F,CGY,1492:12:00,82,18:12,19,37,56,24,258
David Krejci,F,BOS,1201:49:00,70,17:10,16,40,56,24,110
Andrei Svechnikov,F,CAR,1154:00:00,64,18:02,23,32,55,6,217
Brock Boeser,F,VAN,1275:51:00,74,17:14,18,37,55,-20,159
Blake Wheeler,F,WPG,1226:28:00,72,17:02,16,39,55,-2,131
Jonathan Huberdeau,F,CGY,1333:09:00,79,16:53,15,40,55,2,124
Evgeny Kuznetsov,F,WSH,1461:43:00,81,18:03,12,43,55,-25,165
Chris Kreider,F,NYR,1456:24:00,79,18:26,36,18,54,21,206
Kevin Hayes,F,PHI,1421:09:00,81,17:33,18,36,54,-23,207
Phillip Danault,F,LAK,1503:22:00,82,18:20,18,36,54,-10,143
William Karlsson,F,VGK,1436:09:00,82,17:31,14,39,53,15,156
Patrik Laine,F,CBJ,1052:10:00,55,19:08,22,30,52,-12,185
J.T. Compher,F,COL,1685:59:00,82,20:34,17,35,52,9,142
Artturi Lehkonen,F,COL,1309:05:00,64,20:27,21,30,51,9,156
Mathew Barzal,F,NYI,1083:30:00,58,18:41,14,37,51,7,152
Anders Lee,F,NYI,1414:56:00,82,17:15,28,22,50,-2,193
Jake DeBrusk,F,BOS,1075:28:00,64,16:48,27,23,50,25,172
Tyler Seguin,F,DAL,1262:53:00,76,16:37,21,29,50,3,185
Vladimir Tarasenko,F,NYR,1159:12:00,69,16:48,18,32,50,-14,178
Owen Tippett,F,PHI,1340:38:00,77,17:25,27,22,49,-16,228
Michael Bunting,F,TOR,1295:18:00,82,15:48,23,26,49,20,170
Matias Maccelli,F,ARI,1001:54:00,64,15:39,11,38,49,1,70
Jason Zucker,F,PIT,1220:42:00,78,15:39,27,21,48,-3,189
Tomas Tatar,F,NJD,1241:28:00,82,15:08,20,28,48,43,153
Yanni Gourde,F,SEA,1387:31:00,81,17:08,14,34,48,22,133
Valeri Nichushkin,F,COL,1074:52:00,53,20:17,17,30,47,15,155
Alexander Barabanov,F,SJS,1227:18:00,68,18:03,15,32,47,-30,115
Daniel Sprong,F,SEA,752:10:00,66,11:24,21,25,46,12,155
Bryan Rust,F,PIT,1450:54:00,81,17:55,20,26,46,-4,210
Marcus Johansson,F,MIN,1320:42:00,80,16:31,19,27,46,2,133
Morgan Frost,F,PHI,1322:48:00,81,16:20,19,27,46,-12,159
Conor Garland,F,VAN,1223:51:00,81,15:07,17,29,46,-6,160
Boone Jenner,F,CBJ,1374:32:00,68,20:13,26,19,45,-33,216
Lawson Crouse,F,ARI,1366:33:00,77,17:45,24,21,45,-3,150
Filip Chytil,F,NYR,1087:54:00,74,14:42,22,23,45,14,173
Oliver Bjorkstrand,F,SEA,1267:09:00,81,15:39,20,25,45,0,202
Dominik Kubalik,F,DET,1208:45:00,81,14:55,20,25,45,-15,169
Dillon Dube,F,CGY,1242:18:00,82,15:09,18,27,45,-6,143
Lucas Raymond,F,DET,1286:46:00,74,17:23,17,28,45,-18,137
Charlie Coyle,F,BOS,1390:57:00,82,16:58,16,29,45,28,141
Ivan Barbashev,F,VGK,1373:40:00,82,16:45,16,29,45,0,127
Jack Roslovic,F,CBJ,1265:58:00,77,16:26,11,33,44,-14,130
Barrett Hayton,F,ARI,1434:49:00,82,17:30,19,24,43,-4,172
Scott Laughton,F,PHI,1425:10:00,78,18:16,18,25,43,-10,168
Jesperi Kotkaniemi,F,CAR,1207:35:00,82,14:44,18,25,43,11,124
Andrew Mangiapane,F,CGY,1378:23:00,82,16:49,17,26,43,11,177
Thomas Novak,F,NSH,746:32:00,51,14:38,17,26,43,5,99
Eetu Luostarinen,F,FLA,1311:52:00,82,16:00,17,26,43,19,137
Mason McTavish,F,ANA,1228:51:00,80,15:22,17,26,43,-20,149
Filip Forsberg,F,NSH,873:55:00,50,17:29,19,23,42,-3,156
Andrew Copp,F,DET,1490:19:00,82,18:10,9,33,42,2,121
Nino Niederreiter,F,WPG,1269:49:00,78,16:17,24,17,41,-13,175
Wyatt Johnston,F,DAL,1268:55:00,82,15:28,24,17,41,7,160
Gabriel Vilardi,F,LAK,982:53:00,63,15:36,23,18,41,11,123
Frank Vatrano,F,ANA,1348:34:00,81,16:39,22,19,41,-29,223
Ryan Strome,F,ANA,1396:53:00,82,17:02,15,26,41,-30,116
Erik Haula,F,NJD,1330:34:00,80,16:38,14,27,41,11,162
Mikael Granlund,F,PIT,1409:03:00,79,17:50,10,31,41,-15,118
Victor Olofsson,F,BUF,1078:15:00,75,14:23,28,12,40,-23,163
Jaden Schwartz,F,SEA,1237:42:00,71,17:26,21,19,40,-17,162
Andreas Athanasiou,F,CHI,1297:40:00,81,16:01,20,20,40,-30,183
Anthony Beauvillier,F,VAN,1334:03:00,82,16:16,18,22,40,-10,172
Kaapo Kakko,F,NYR,1256:25:00,82,15:19,18,22,40,11,141
Sam Bennett,F,FLA,1096:31:00,63,17:24,16,24,40,5,171
Kent Johnson,F,CBJ,1146:33:00,79,14:31,16,24,40,-19,127
Jean-Gabriel Pageau,F,NYI,1235:32:00,70,17:39,13,27,40,-3,128
Calle Jarnkrok,F,TOR,1049:19:00,73,14:22,20,19,39,9,104
Evan Rodrigues,F,COL,1231:56:00,69,17:51,16,23,39,8,177
Alexis Lafrenière,F,NYR,1234:21:00,81,15:14,16,23,39,9,138
Joel Farabee,F,PHI,1393:40:00,82,17:00,15,24,39,-1,146
Seth Jarvis,F,CAR,1328:11:00,82,16:12,14,25,39,9,181
Andre Burakovsky,F,SEA,809:17:00,49,16:31,13,26,39,-9,107
Adam Henrique,F,ANA,1129:03:00,62,18:13,22,16,38,-8,115
Frederick Gaudreau,F,MIN,1317:40:00,82,16:04,19,19,38,10,136
Blake Coleman,F,CGY,1245:15:00,82,15:11,18,20,38,9,177
Mark Stone,F,VGK,833:46:00,43,19:23,17,21,38,11,106
Kirby Dach,F,MTL,1073:04:00,58,18:30,14,24,38,-3,106
Alexander Wennberg,F,SEA,1534:01:00,82,18:42,13,25,38,-8,101
Noah Cates,F,PHI,1459:49:00,82,17:48,13,25,38,3,97
Nikolaj Ehlers,F,WPG,704:01:00,45,15:39,12,26,38,-1,132
Taylor Raddysh,F,CHI,1289:55:00,78,16:32,20,17,37,-27,125
Brandon Saad,F,STL,1182:54:00,71,16:40,19,18,37,-8,122
Ryan Hartman,F,MIN,960:08:00,59,16:16,15,22,37,5,152
Conor Sheary,F,WSH,1291:20:00,82,15:45,15,22,37,10,156
Jack Quinn,F,BUF,1037:04:00,75,13:50,14,23,37,-7,125
Teuvo Teravainen,F,CAR,1149:13:00,68,16:54,12,25,37,11,156
Cole Caufield,F,MTL,830:11:00,46,18:03,26,10,36,-8,156
Taylor Hall,F,BOS,969:41:00,61,15:54,16,20,36,12,141
Phil Kessel,F,VGK,1050:16:00,82,12:48,14,22,36,-8,148
Alex Iafallo,F,LAK,963:23:00,59,16:20,14,22,36,15,126
Adam Lowry,F,WPG,1285:37:00,82,15:41,13,23,36,5,121
Stefan Noesen,F,CAR,962:48:00,78,12:21,13,23,36,11,118
Shane Pinto,F,OTT,1309:23:00,82,15:58,20,15,35,-21,155
T.J. Oshie,F,WSH,969:43:00,58,16:43,19,16,35,-18,118
Brandon Tanev,F,SEA,1167:24:00,82,14:14,16,19,35,19,104
Cody Glass,F,NSH,1064:52:00,72,14:47,14,21,35,8,129
Zach Parise,F,NYI,1325:01:00,82,16:10,21,13,34,7,165
Jordan Staal,F,CAR,1320:07:00,81,16:18,17,17,34,6,121
Kasperi Kapanen,F,STL,902:54:00,66,13:41,15,19,34,-7,125
Travis Boyd,F,ARI,1357:37:00,82,16:33,15,19,34,-33,91
Mike Hoffman,F,MTL,1049:16:00,67,15:40,14,20,34,-9,144
Jordan Martinook,F,CAR,1283:09:00,82,15:39,13,21,34,7,167
Blake Lizotte,F,LAK,1047:05:00,81,12:56,11,23,34,11,103
Kyle Palmieri,F,NYI,940:36:00,55,17:06,16,17,33,14,136
Kevin Labanc,F,SJS,1030:52:00,72,14:19,15,18,33,-16,128
Anton Lundell,F,FLA,1195:15:00,73,16:22,12,21,33,1,150
Sonny Milano,F,WSH,825:37:00,64,12:54,11,22,33,-5,76
Evgenii Dadonov,F,DAL,1074:15:00,73,14:43,7,26,33,-8,106
Josh Anderson,F,MTL,1170:31:00,69,16:58,21,11,32,-8,166
Nick Paul,F,TBL,1292:36:00,80,16:09,17,15,32,11,122
Ross Colton,F,TBL,999:59:00,81,12:21,16,16,32,-8,147
Tyler Johnson,F,CHI,927:24:00,56,16:34,12,20,32,-22,112
John Peterka,F,BUF,1048:43:00,77,13:37,12,20,32,-15,127
Alexander Kerfoot,F,TOR,1197:52:00,82,14:36,10,22,32,8,130
Eeli Tolvanen,F,SEA,885:32:00,61,14:31,18,13,31,7,121
Trent Frederic,F,BOS,943:41:00,79,11:57,17,14,31,29,119
Jonathan Toews,F,CHI,939:01:00,53,17:43,15,16,31,-32,88
Mason Marchment,F,DAL,1067:15:00,68,15:42,12,19,31,-6,119
Barclay Goodrow,F,NYR,1160:25:00,82,14:09,11,20,31,3,84
Pierre Engvall,F,NYI,1035:21:00,76,13:37,17,13,30,7,129
Ryan O'Reilly,F,TOR,950:47:00,53,17:56,16,14,30,-21,102
Nicolas Roy,F,VGK,1058:12:00,65,16:17,14,16,30,11,96
Alex Newhook,F,COL,1143:54:00,82,13:57,14,16,30,0,110
Yegor Sharangovich,F,NJD,1080:16:00,75,14:24,13,17,30,-3,129
Colton Sissons,F,NSH,1298:37:00,82,15:50,12,18,30,-3,89
Jason Dickinson,F,CHI,1241:58:00,78,15:55,9,21,30,-27,117
Tyler Bertuzzi,F,BOS,822:49:00,50,16:27,8,22,30,-11,110
Cole Perfetti,F,WPG,763:49:00,51,14:59,8,22,30,10,88
Nick Bjugstad,F,EDM,1260:52:00,78,16:10,17,12,29,12,136
Eric Staal,F,FLA,1024:49:00,72,14:14,14,15,29,-5,99
Jeff Carter,F,PIT,1083:18:00,79,13:43,13,16,29,-16,133
James van Riemsdyk,F,PHI,936:30:00,61,15:21,12,17,29,-2,108
Anthony Cirelli,F,TBL,962:28:00,58,16:36,11,18,29,13,104
Jesper Fast,F,CAR,1178:56:00,80,14:44,10,19,29,9,65
Trevor Moore,F,LAK,1002:48:00,59,17:00,10,19,29,-1,157
Michael Rasmussen,F,DET,846:24:00,56,15:07,10,19,29,2,82
Jonathan Drouin,F,MTL,864:55:00,58,14:55,2,27,29,-17,70
Evander Kane,F,EDM,766:01:00,41,18:41,16,12,28,-4,135
Jonatan Berggren,F,DET,899:49:00,67,13:26,15,13,28,-14,101
Warren Foegele,F,EDM,851:08:00,67,12:42,13,15,28,7,127
Ilya Mikheyev,F,VAN,777:43:00,46,16:54,13,15,28,3,85
Arthur Kaliyev,F,LAK,654:38:00,56,11:41,13,15,28,-5,123
Ryan Johansen,F,NSH,867:41:00,55,15:47,12,16,28,-13,85
Kyle Okposo,F,BUF,1099:07:00,75,14:39,11,17,28,-6,141
Oskar Sundqvist,F,MIN,928:53:00,67,13:52,10,18,28,-4,67
Christian Dvorak,F,MTL,1079:24:00,64,16:52,10,18,28,-12,85
Sam Steel,F,MIN,972:18:00,65,14:58,10,18,28,11,89
Morgan Geekie,F,SEA,721:03:00,69,10:27,9,19,28,13,73
Ty Dellandrea,F,DAL,1165:31:00,82,14:13,9,19,28,9,90
Michael Amadio,F,VGK,821:48:00,67,12:16,16,11,27,2,94
Ryan Donato,F,SEA,798:33:00,71,11:15,14,13,27,15,120
Christian Fischer,F,ARI,1186:35:00,80,14:50,13,14,27,-8,127
Miles Wood,F,NJD,918:39:00,76,12:05,13,14,27,-1,157
Sam Lafferty,F,TOR,1021:43:00,70,14:36,12,15,27,-11,108
Gustav Nyquist,F,MIN,898:17:00,51,17:37,11,16,27,-9,106
Anthony Mantha,F,WSH,951:04:00,67,14:12,11,16,27,-7,119
Nick Cousins,F,FLA,869:14:00,79,11:00,9,18,27,-1,103
David Kampf,F,TOR,1257:44:00,82,15:20,7,20,27,6,107
Nico Sturm,F,SJS,1090:48:00,74,14:44,14,12,26,-12,118
Nick Ritchie,F,CGY,1002:58:00,74,13:33,13,13,26,-21,104
Jack McBain,F,ARI,1149:29:00,82,14:01,12,14,26,-8,76
Jakob Silfverberg,F,ANA,1231:25:00,81,15:12,10,16,26,-19,139
Nick Foligno,F,BOS,739:10:00,60,12:19,10,16,26,18,69
Logan O'Connor,F,COL,1163:15:00,82,14:11,9,17,26,11,102
Peyton Krebs,F,BUF,1023:27:00,74,13:50,9,17,26,-8,77
Michael McLeod,F,NJD,980:45:00,80,12:16,4,22,26,7,82
Kirill Marchenko,F,CBJ,956:07:00,59,16:12,21,4,25,-24,129
William Carrier,F,VGK,703:26:00,56,12:34,16,9,25,16,106
Nic Dowd,F,WSH,868:59:00,65,13:22,13,12,25,6,59
Corey Perry,F,TBL,936:21:00,81,11:34,12,13,25,-28,104
Jimmy Vesey,F,NYR,1101:40:00,81,13:36,11,14,25,13,110
Mattias Janmark,F,EDM,967:42:00,66,14:40,10,15,25,9,76
Kailer Yamamoto,F,EDM,961:06:00,58,16:34,10,15,25,12,89
Sammy Blais,F,STL,837:14:00,71,11:48,9,16,25,5,61
Philipp Kurashev,F,CHI,1222:56:00,70,17:28,9,16,25,-32,106
Josh Bailey,F,NYI,966:52:00,64,15:06,8,17,25,2,73
Vladislav Namestnikov,F,WPG,970:57:00,77,12:37,8,17,25,7,93
Tyson Jost,F,BUF,940:42:00,71,13:15,7,18,25,-14,92
Juuso Pärssinen,F,NSH,644:40:00,45,14:20,6,19,25,0,52
Pius Suter,F,DET,1111:46:00,79,14:04,14,10,24,-3,95
Matt Nieto,F,COL,1096:49:00,81,13:32,12,12,24,-15,108
Yakov Trenin,F,NSH,1164:59:00,77,15:08,12,12,24,-7,129
Eric Robinson,F,CBJ,1005:16:00,72,13:58,12,12,24,-20,97
Noel Acciari,F,TOR,1101:47:00,77,14:19,14,9,23,-4,88
Derick Brassard,F,OTT,754:57:00,62,12:11,13,10,23,3,86
Dakota Joshua,F,VAN,910:16:00,79,11:31,11,12,23,-16,62
Ryan McLeod,F,EDM,807:54:00,57,14:10,11,12,23,4,71
Lars Eller,F,COL,1242:00:00,84,14:47,10,13,23,4,140
Ondrej Palat,F,NJD,760:51:00,49,15:32,8,15,23,4,82
Fabian Zetterlund,F,SJS,887:00:00,67,13:14,6,17,23,-7,118
Tom Wilson,F,WSH,581:18:00,33,17:37,13,9,22,-13,77
Garnet Hathaway,F,BOS,990:18:00,84,11:47,13,9,22,5,86
Paul Stastny,F,CAR,865:22:00,73,11:51,9,13,22,4,74
Danton Heinen,F,PIT,698:04:00,65,10:44,8,14,22,-5,95
Emil Bemström,F,CBJ,665:22:00,55,12:06,7,15,22,-11,87
Quinton Byfield,F,LAK,745:32:00,53,14:04,3,19,22,12,63
Denis Malgin,F,COL,708:38:00,65,10:54,13,8,21,4,110
Klim Kostin,F,EDM,572:40:00,57,10:03,11,10,21,12,59
Jesper Boqvist,F,NJD,812:04:00,70,11:36,10,11,21,8,64
Morgan Barron,F,WPG,926:32:00,70,13:14,8,13,21,4,107
Marcus Foligno,F,MIN,974:51:00,65,15:00,7,14,21,-6,80
Nicklas Backstrom,F,WSH,658:36:00,39,16:53,7,14,21,-25,67
Casey Cizikas,F,NYI,1178:13:00,81,14:33,6,15,21,0,106
Rafaël Harvey-Pinard,F,MTL,585:49:00,34,17:14,14,6,20,7,52
Derek Ryan,F,EDM,895:06:00,80,11:11,13,7,20,11,84
Ryan Lomberg,F,FLA,925:46:00,82,11:17,12,8,20,-2,135
Radek Faksa,F,DAL,1111:14:00,81,13:43,11,9,20,9,81
Sean Kuraly,F,CBJ,1071:28:00,71,15:05,11,9,20,-28,109
Trevor Lewis,F,CGY,992:37:00,82,12:06,9,11,20,-6,141
Joe Veleno,F,DET,1033:01:00,81,12:45,9,11,20,-12,81
Adam Ruzicka,F,CGY,509:13:00,44,11:34,6,14,20,-1,58
Brock McGinn,F,ANA,978:08:00,75,13:03,12,7,19,-6,82
Carl Grundstrom,F,LAK,612:06:00,57,10:44,12,7,19,-4,84
Nick Bonino,F,PIT,987:20:00,62,15:55,10,9,19,-5,87
Andrew Cogliano,F,COL,997:30:00,79,12:38,10,9,19,6,83
Hudson Fasching,F,NYI,611:06:00,49,12:28,10,9,19,9,63
Steven Lorentz,F,SJS,945:43:00,80,11:49,10,9,19,-17,108
Alexey Toropchenko,F,STL,832:58:00,69,12:04,10,9,19,5,76
Max Jones,F,ANA,876:23:00,69,12:42,9,10,19,-21,95
Maxime Comtois,F,ANA,885:16:00,64,13:50,9,10,19,-21,81
Tyler Motte,F,NYR,778:45:00,62,12:34,8,11,19,3,101
Matt Martin,F,NYI,901:13:00,81,11:08,7,12,19,2,79
Milan Lucic,F,CGY,870:16:00,77,11:18,7,12,19,-12,72
Jake Evans,F,MTL,779:57:00,54,14:27,2,17,19,-5,55
Paul Cotter,F,VGK,703:00:00,55,12:47,13,5,18,-4,76
Zemgus Girgensons,F,BUF,1038:21:00,80,12:59,10,8,18,-4,107
Keegan Kolesar,F,VGK,846:57:00,74,11:27,8,10,18,7,59
Adam Erne,F,DET,816:28:00,61,13:23,8,10,18,-12,57
Tomas Nosek,F,BOS,827:31:00,66,12:32,7,11,18,9,69
Tanner Jeannot,F,TBL,1082:49:00,76,14:15,6,12,18,-6,100
Connor Dewar,F,MIN,886:49:00,81,10:57,6,12,18,-5,90
Derek Grant,F,ANA,684:44:00,46,14:53,5,13,18,-3,66
Philip Tomasino,F,NSH,483:23:00,31,15:36,5,13,18,5,58
Mathieu Joseph,F,OTT,783:59:00,56,14:00,3,15,18,5,65
Sheldon Dries,F,VAN,726:11:00,63,11:32,11,6,17,-9,88
Noah Gregor,F,SJS,739:10:00,57,12:58,10,7,17,-9,114
Denis Gurianov,F,MTL,871:39:00,66,13:12,7,10,17,-8,115
Mason Shaw,F,MIN,664:38:00,59,11:16,7,10,17,-1,87
Sean Monahan,F,MTL,434:35:00,25,17:23,6,11,17,-4,60
Cole Smith,F,NSH,879:06:00,69,12:44,4,13,17,-3,68
Jakub Vrana,F,STL,363:38:00,25,14:33,11,5,16,3,65
Craig Smith,F,WSH,702:03:00,64,10:58,9,7,16,5,110
Tyler Pitlick,F,STL,613:36:00,61,10:04,7,9,16,-2,57
Robby Fabbri,F,DET,447:18:00,28,15:59,7,9,16,-1,32
Oliver Wahlstrom,F,NYI,423:53:00,35,12:07,7,9,16,4,66
Jesse Ylonen,F,MTL,498:29:00,37,13:28,6,10,16,-11,40
Mason Appleton,F,WPG,656:37:00,41,16:01,5,11,16,2,74
Jesse Puljujarvi,F,CAR,918:57:00,75,12:15,5,11,16,-13,126
Boris Katchouk,F,CHI,700:32:00,58,12:05,5,11,16,-11,67
Josh Leivo,F,STL,605:41:00,51,11:53,4,12,16,0,92
Teddy Blueger,F,VGK,813:45:00,63,12:55,4,12,16,-9,81
Nils Åman,F,VAN,863:12:00,68,12:42,4,12,16,-11,44
Wade Allison,F,PHI,774:18:00,60,12:54,9,6,15,-4,86
Colin White,F,FLA,654:42:00,68,9:38,8,7,15,0,70
Michael Pezzetta,F,MTL,588:16:00,63,9:20,7,8,15,-5,67
Luke Evangelista,F,NSH,397:47:00,24,16:34,7,8,15,7,53
Lukas Reichel,F,CHI,377:45:00,23,16:25,7,8,15,-8,45
Oskar Lindblom,F,SJS,770:52:00,73,10:34,6,9,15,-16,74
Nathan Bastian,F,NJD,534:48:00,43,12:26,6,9,15,8,56
Rem Pitlick,F,MTL,591:12:00,46,12:51,6,9,15,-14,31
Dylan Guenther,F,ARI,430:56:00,33,13:04,6,9,15,-7,65
Ryan Reaves,F,MIN,680:06:00,73,9:19,5,10,15,-6,42
Mathieu Olivier,F,CBJ,767:31:00,66,11:38,5,10,15,-20,67
Mikey Eyssimont,F,TBL,661:21:00,54,12:15,5,10,15,3,129
Aliaksei Protas,F,WSH,667:35:00,58,11:31,4,11,15,-7,76
Rasmus Kupari,F,LAK,666:01:00,66,10:05,3,12,15,-5,57
Zachary Aston-Reese,F,TOR,841:30:00,77,10:56,10,4,14,-6,92
Julien Gauthier,F,OTT,491:33:00,57,8:37,9,5,14,-5,56
Brendan Gallagher,F,MTL,526:55:00,37,14:14,8,6,14,-3,94
Sam Gagner,F,WPG,583:49:00,48,12:10,8,6,14,-4,65
Evgeny Svechnikov,F,SJS,633:59:00,59,10:45,8,6,14,-7,73
Joel Armia,F,MTL,642:48:00,43,14:57,7,7,14,-7,63
Liam Foudy,F,CBJ,751:26:00,62,12:07,7,7,14,-26,69
Ryan Poehling,F,PIT,623:49:00,53,11:46,7,7,14,-2,65
Jujhar Khaira,F,CHI,707:29:00,51,13:52,6,8,14,-11,60
Axel Jonsson-Fjällby,F,WPG,521:40:00,50,10:26,6,8,14,-2,49
Alex Belzile,F,MTL,375:41:00,31,12:07,6,8,14,0,39
Pat Maroon,F,TBL,826:42:00,80,10:20,5,9,14,-5,57
Isac Lundeström,F,ANA,874:30:00,61,14:20,4,10,14,-13,60
Brett Ritchie,F,ARI,501:54:00,50,10:02,8,5,13,0,65
Kiefer Sherwood,F,NSH,434:21:00,32,13:34,7,6,13,4,55
Brett Howden,F,VGK,703:54:00,54,13:02,6,7,13,4,55
Luke Kunin,F,SJS,477:58:00,31,15:25,5,8,13,-9,57
Pontus Holmberg,F,TOR,384:50:00,37,10:24,5,8,13,0,29
Pierre-Edouard Bellemare,F,TBL,823:47:00,73,11:17,4,9,13,-9,55
Yegor Chinakhov,F,CBJ,397:16:00,30,13:15,4,9,13,-6,45
Mark Jankowski,F,NSH,621:24:00,50,12:26,7,5,12,-1,44
Jaret Anderson-Dolan,F,LAK,488:16:00,46,10:37,7,5,12,-12,51
Cal Clutterbuck,F,NYI,599:29:00,49,12:14,6,6,12,9,39
Nicolas Deslauriers,F,PHI,807:56:00,80,10:06,6,6,12,-12,69
Josh Archibald,F,PIT,618:19:00,62,9:58,6,6,12,6,73
Phillip Di Giuseppe,F,VAN,436:21:00,30,14:33,6,6,12,0,73
A.J. Greer,F,BOS,554:31:00,61,9:05,5,7,12,9,63
Patrick Brown,F,OTT,695:29:00,61,11:24,4,8,12,-1,61
Nicolas Aube-Kubel,F,WSH,601:09:00,53,11:21,4,8,12,1,68
Austin Watson,F,OTT,768:05:00,75,10:14,9,2,11,-7,78
Mark Kastelic,F,OTT,579:13:00,65,8:55,7,4,11,-6,73
Walker Duehr,F,CGY,274:35:00,27,10:10,7,4,11,0,50
Jordan Greenway,F,BUF,837:06:00,62,13:30,6,5,11,-4,95
Derek Stepan,F,CAR,662:30:00,73,9:05,5,6,11,9,94
Drew O'Connor,F,PIT,450:56:00,46,9:48,5,6,11,-3,62
Liam O'Brien,F,ARI,638:33:00,56,11:24,3,8,11,-5,40
Cole Sillinger,F,CBJ,850:59:00,64,13:18,3,8,11,-22,93
Vinnie Hinostroza,F,BUF,327:23:00,26,12:36,2,9,11,-1,41
Brandon Duhaime,F,MIN,549:42:00,51,10:47,9,1,10,5,78
Jake Neighbours,F,STL,535:23:00,43,12:27,6,4,10,-19,52
Saku Maenalanen,F,WPG,660:43:00,64,10:19,4,6,10,0,54
Dylan Gambrell,F,OTT,681:51:00,60,11:22,4,6,10,-4,47
Zack MacEwen,F,LAK,646:45:00,56,11:33,4,6,10,-11,65
MacKenzie Entwistle,F,CHI,785:21:00,66,11:54,4,6,10,-12,55
Juraj Slafkovsky,F,MTL,476:08:00,39,12:13,4,6,10,-14,45
Chris Tierney,F,MTL,392:35:00,36,10:54,3,7,10,-9,23
Nathan Walker,F,STL,574:57:00,56,10:16,2,8,10,9,44
Colin Blackwell,F,CHI,623:46:00,53,11:46,2,8,10,-15,53
Joel Kiviranta,F,DAL,850:21:00,70,12:09,8,1,9,-9,81
Pavel Dorofeyev,F,VGK,256:05:00,18,14:14,7,2,9,5,38
Alex Chiasson,F,DET,241:56:00,20,12:06,6,3,9,-8,28
Joey Anderson,F,CHI,444:56:00,38,11:43,6,3,9,-8,44
Kevin Stenlund,F,WPG,628:36:00,54,11:38,6,3,9,3,54
Brett Leason,F,ANA,587:14:00,54,10:52,6,3,9,-21,53
Simon Holmström,F,NYI,554:08:00,50,11:05,6,3,9,-4,42
Dylan Holloway,F,EDM,487:52:00,51,9:34,3,6,9,0,49
Nils Höglander,F,VAN,301:20:00,25,12:03,3,6,9,-4,30
Anthony Duclair,F,FLA,297:08:00,20,14:51,2,7,9,4,35
Brendan Lemieux,F,PHI,457:33:00,45,10:10,2,7,9,-3,44
Ridly Greig,F,OTT,258:07:00,20,12:54,2,7,9,0,28
Devin Shore,F,EDM,420:15:00,47,8:56,1,8,9,6,35
Elmer Söderblom,F,DET,252:55:00,21,12:03,5,3,8,0,29
Vitali Kravtsov,F,VAN,493:07:00,44,11:12,4,4,8,4,49
Jack Studnicka,F,VAN,507:53:00,48,10:35,4,4,8,-12,63
Martin Kaut,F,SJS,374:22:00,36,10:24,4,4,8,-4,47
Lukas Sedlak,F,PHI,365:49:00,30,12:12,3,5,8,4,44
Jayson Megna,F,ANA,550:13:00,55,10:00,2,6,8,-21,34
Anders Bjork,F,CHI,193:10:00,14,13:48,2,6,8,4,12
Rasmus Asplund,F,NSH,503:14:00,46,10:56,2,6,8,-6,57
Jack Drury,F,CAR,409:28:00,38,10:47,2,6,8,4,63
Jacob Peterson,F,SJS,209:23:00,12,17:27,2,6,8,-12,23
Vasily Podkolzin,F,VAN,460:46:00,39,11:49,4,3,7,-5,42
Jakub Lauko,F,BOS,200:52:00,23,8:44,4,3,7,1,18
Sam Carrick,F,ANA,549:46:00,52,10:34,3,4,7,-17,47
Filip Zadina,F,DET,392:19:00,30,13:05,3,4,7,-6,55
Jonah Gadjovich,F,SJS,314:04:00,35,8:58,3,4,7,-3,30
Karson Kuhlman,F,WPG,556:30:00,47,11:50,3,4,7,-5,48
Nikita Alexandrov,F,STL,274:36:00,28,9:48,3,4,7,0,25
Tyson Foerster,F,PHI,132:21:00,8,16:33,3,4,7,2,15
Jakob Pelletier,F,CGY,340:31:00,24,14:11,3,4,7,-5,47
Cole Guttman,F,CHI,203:01:00,14,14:30,4,2,6,1,24
Reese Johnson,F,CHI,626:08:00,57,10:59,4,2,6,-14,51
Luke Glendening,F,DAL,844:56:00,70,12:04,3,3,6,-9,64
Lane Pederson,F,CBJ,321:44:00,27,11:55,3,3,6,-1,27
Logan Brown,F,STL,311:02:00,30,10:22,2,4,6,-4,21
Jakub Voracek,F,CBJ,175:28:00,11,15:57,1,5,6,-7,17
David Gustafsson,F,WPG,465:10:00,46,10:07,0,6,6,2,42
Curtis Lazar,F,NJD,585:01:00,49,11:56,3,2,5,-8,52
Jansen Harkins,F,WPG,237:58:00,22,10:49,3,2,5,4,15
Austin Czarnik,F,DET,323:38:00,29,11:10,3,2,5,-4,24
Anthony Richard,F,MTL,129:24:00,13,9:57,3,2,5,2,11
Rudolfs Balcers,F,TBL,172:48:00,17,10:10,3,2,5,-1,17
Nick Robertson,F,TOR,163:14:00,15,10:53,2,3,5,2,25
Tanner Pearson,F,VAN,188:35:00,14,13:28,1,4,5,-9,20
Ben Meyers,F,COL,373:47:00,39,9:35,4,0,4,-6,31
Alexander Holtz,F,NJD,193:49:00,19,10:12,3,1,4,-6,22
Zac Dalpe,F,FLA,117:22:00,14,8:23,2,2,4,-4,17
Michael McCarron,F,NSH,336:43:00,32,10:31,2,2,4,-3,38
Tanner Laczynski,F,PHI,304:32:00,32,9:31,2,2,4,-5,19
Matt Luff,F,DET,187:26:00,19,9:52,2,2,4,-4,19
Joe Snively,F,WSH,151:03:00,12,12:35,2,2,4,3,16
Fredrik Olofsson,F,DAL,285:35:00,28,10:12,1,3,4,0,31
Givani Smith,F,FLA,251:50:00,36,7:00,1,3,4,-1,30
Parker Kelly,F,OTT,577:53:00,55,10:30,1,3,4,-9,58
Jesper Frödén,F,SEA,139:52:00,14,9:59,0,4,4,4,8
Max Pacioretty,F,CAR,68:15:00,5,13:39,3,0,3,0,16
Kieffer Bellows,F,PHI,271:09:00,28,9:41,3,0,3,-8,29
Dryden Hunt,F,TOR,297:58:00,37,8:03,3,0,3,-10,25
Zach Sanford,F,NSH,215:41:00,16,13:29,2,1,3,-3,22
Michael Carcone,F,ARI,113:43:00,9,12:38,2,1,3,3,15
Josh Norris,F,OTT,144:20:00,8,18:03,2,1,3,-1,17
Justin Danforth,F,CBJ,80:15:00,6,13:23,2,1,3,-3,11
Samuel Fagemo,F,LAK,70:31:00,9,7:50,2,1,3,-4,6
Aatu Räty,F,VAN,125:28:00,15,8:22,2,1,3,0,17
William Eklund,F,SJS,158:52:00,8,19:51,2,1,3,-5,17
Buddy Robinson,F,CHI,105:30:00,9,11:43,1,2,3,1,15
Andrew Agozzino,F,SJS,65:26:00,4,16:22,1,2,3,-1,7
Patric Hornqvist,F,FLA,203:46:00,22,9:16,1,2,3,-4,36
Ryan Carpenter,F,NYR,200:56:00,22,9:08,1,2,3,-5,18
Nic Petan,F,MIN,115:27:00,10,11:33,1,2,3,-1,12
Aleksi Heponiemi,F,FLA,85:51:00,10,8:35,1,2,3,-1,5
Pavol Regenda,F,ANA,147:22:00,14,10:32,1,2,3,-3,19
Andreas Johnsson,F,SJS,175:02:00,13,13:28,0,3,3,-6,18
Grigori Denisenko,F,FLA,178:20:00,18,9:54,0,3,3,-5,15
Zack Kassian,F,ARI,468:45:00,51,9:11,2,0,2,-18,24
John Hayden,F,SEA,55:26:00,7,7:55,2,0,2,2,6
Jonny Brodzinski,F,NYR,158:19:00,17,9:19,1,1,2,3,22
Byron Froese,F,VGK,89:25:00,9,9:56,1,1,2,0,14
Beck Malenstyn,F,WSH,89:15:00,9,9:55,1,1,2,0,7
Alexander Nylander,F,PIT,110:37:00,9,12:17,1,1,2,1,12
Austin Wagner,F,CHI,84:50:00,7,12:07,1,1,2,-2,13
Yegor Sokolov,F,OTT,35:05:00,5,7:01,1,1,2,2,6
Daniil Gushchin,F,SJS,31:49:00,2,15:55,1,1,2,-1,6
Sammy Walker,F,MIN,95:18:00,9,10:35,1,1,2,-1,10
Lukas Rousek,F,BUF,22:40,2,11:20,1,1,2,2,3
Shane Wright,F,SEA,67:50:00,8,8:29,1,1,2,4,6
Wayne Simmonds,F,TOR,133:33:00,18,7:25,0,2,2,1,11
Ross Johnston,F,NYI,124:32:00,16,7:47,0,2,2,-1,2
Otto Koivula,F,NYI,54:46:00,8,6:51,0,2,2,1,6
Thomas Bordeleau,F,SJS,121:51:00,8,15:14,0,2,2,-3,8
Hunter McKown,F,CBJ,146:22:00,12,12:12,0,2,2,-4,13
Nicholas Abruzzese,F,TOR,17:31,2,8:45,0,2,2,1,2
Joseph Cramarossa,F,MIN,31:17:00,4,7:49,1,0,1,0,1
Laurent Dauphin,F,ARI,219:18:00,21,10:27,1,0,1,-4,20
Kyle Criscuolo,F,SJS,13:15,1,13:15,1,0,1,0,2
Oskar Steen,F,BOS,27:20:00,3,9:07,1,0,1,0,4
Joona Luoto,F,CBJ,87:07:00,7,12:27,1,0,1,-7,7
Trey Fix-Wolansky,F,CBJ,116:36:00,9,12:57,1,0,1,-5,22
Nolan Foote,F,NJD,43:10:00,6,7:12,1,0,1,2,4
Tyler Angle,F,CBJ,22:57,2,11:29,1,0,1,-2,5
David Gust,F,CHI,56:42:00,4,14:11,1,0,1,-2,8
Egor Afanasyev,F,NSH,184:02:00,17,10:50,1,0,1,-7,23
Cole Koepke,F,TBL,154:34:00,17,9:06,1,0,1,-5,12
Sean Farrell,F,MTL,85:19:00,6,14:13,1,0,1,-3,8
Matej Blumel,F,DAL,58:07:00,6,9:41,1,0,1,-2,7
Milos Kelemen,F,ARI,107:33:00,14,7:41,1,0,1,-5,12
Brett Seney,F,CHI,91:01:00,7,13:00,1,0,1,-1,8
Aidan McDonough,F,VAN,55:51:00,6,9:19,1,0,1,-2,4
Radim Zohorna,F,TOR,85:32:00,10,8:33,1,0,1,-1,7
Jake Lucchini,F,OTT,128:10:00,11,11:39,1,0,1,-2,16
Nikita Nesterenko,F,ANA,119:31:00,9,13:17,1,0,1,-3,20
John Leonard,F,NSH,69:12:00,6,11:32,1,0,1,0,4
Lucas Condotta,F,MTL,11:02,1,11:02,1,0,1,0,4
Andy Andreoff,F,NYI,21:58,3,7:19,0,1,1,-3,1
Kyle Clifford,F,TOR,15:47,2,7:54,0,1,1,1,1
Dominic Toninato,F,WPG,39:31:00,5,7:54,0,1,1,0,7
Will Lockwood,F,VAN,133:44:00,13,10:17,0,1,1,-7,10
William Bitten,F,STL,26:35:00,4,6:39,0,1,1,1,0
Joona Koppanen,F,BOS,54:07:00,5,10:49,0,1,1,0,2
Luke Philp,F,CHI,35:03:00,3,11:41,0,1,1,0,0
Kevin Rooney,F,CGY,150:22:00,17,8:51,0,1,1,-2,12
Brendan Gaunce,F,CBJ,52:27:00,5,10:29,0,1,1,-1,10
Kristian Reichel,F,WPG,21:03,2,10:32,0,1,1,0,1
Jonas Rondbjerg,F,VGK,131:29:00,13,10:07,0,1,1,-5,14
Justin Richards,F,CBJ,21:33,2,10:46,0,1,1,-1,0
Damien Giroux,F,MIN,13:55,1,13:55,0,1,1,0,0
Carson Meyer,F,CBJ,135:57:00,14,9:43,0,1,1,-2,15
Joel Teasdale,F,MTL,21:43,2,10:52,0,1,1,-2,3
Olle Lycksell,F,PHI,84:12:00,8,10:32,0,1,1,-2,5
Marco Rossi,F,MIN,237:29:00,19,12:30,0,1,1,-7,13
Matthew Knies,F,TOR,39:10:00,3,13:03,0,1,1,1,5
Samuel Poulin,F,PIT,29:53:00,3,9:58,0,1,1,-3,2
Mikael Pyyhtiä,F,CBJ,27:03:00,2,13:31,0,1,1,-2,2
Bobby McMann,F,TOR,105:28:00,10,10:33,0,1,1,-2,14
Alex Galchenyuk,F,COL,78:02:00,11,7:06,0,0,0,-8,7
Darren Helm,F,COL,99:06:00,11,9:01,0,0,0,-1,10
Riley Sheahan,F,BUF,16:32,2,8:16,0,0,0,-2,0
Chris Wagner,F,BOS,12:30,1,12:30,0,0,0,0,0
Charles Hudon,F,COL,96:52:00,9,10:46,0,0,0,-2,17
Glenn Gawdin,F,ANA,28:46:00,3,9:35,0,0,0,-1,4
Brad Malone,F,EDM,76:52:00,10,7:41,0,0,0,-4,7
Connor Brown,F,WSH,67:00:00,4,16:45,0,0,0,-3,2
Nikita Soshnikov,F,NYI,29:42:00,3,9:54,0,0,0,-2,6
Jean-Sebastien Dea,F,ARI,37:44:00,4,9:26,0,0,0,-2,1
Ondrej Kase,F,CAR,11:07,1,11:07,0,0,0,0,0
Anton Blidh,F,COL,91:57:00,14,6:34,0,0,0,-2,10
Maxwell Willman,F,PHI,80:33:00,9,8:57,0,0,0,-3,12
Justin Kirkland,F,ANA,50:22:00,7,7:12,0,0,0,-3,5
Steven Fogarty,F,MIN,20:39,2,10:19,0,0,0,0,0
Cole Bardreau,F,NYI,6:35,1,6:35,0,0,0,0,0
Rourke Chartier,F,OTT,62:02:00,6,10:20,0,0,0,0,8
C.J. Suess,F,SJS,5:48,1,5:48,0,0,0,-1,0
Tyler Benson,F,EDM,12:30,2,6:15,0,0,0,0,0
Riley Tufte,F,DAL,23:50,3,7:57,0,0,0,-1,1
Henrik Borgstrom,F,WSH,8:11,1,8:11,0,0,0,0,0
Drake Caggiula,F,PIT,26:23:00,4,6:36,0,0,0,-1,3
Fredrik Karlström,F,DAL,47:53:00,5,9:35,0,0,0,1,7
Matthew Phillips,F,CGY,18:04,2,9:02,0,0,0,0,0
Mikhail Maltsev,F,COL,32:53:00,5,6:35,0,0,0,0,4
Alex Barre-Boulet,F,TBL,10:07,1,10:07,0,0,0,0,0
Marian Studenic,F,DAL,26:00:00,3,8:40,0,0,0,-1,4
Benoit-Olivier Groulx,F,ANA,32:42:00,2,16:21,0,0,0,0,2
Arnaud Durandeau,F,NYI,51:57:00,4,12:59,0,0,0,1,9
Matthew Highmore,F,STL,21:28,2,10:44,0,0,0,1,2
Bokondji Imama,F,ARI,37:29:00,5,7:30,0,0,0,-2,1
Marc McLaughlin,F,BOS,19:13,2,9:37,0,0,0,-1,2
Jonathan Gruden,F,PIT,15:59,3,5:20,0,0,0,0,0
Alexander Steeves,F,TOR,23:25,3,7:48,0,0,0,-2,2
Jackson Cates,F,PHI,44:49:00,5,8:58,0,0,0,0,4
Nick Swaney,F,MIN,9:32,1,9:32,0,0,0,0,0
Shane Bowers,F,COL,1:47,1,1:47,0,0,0,0,1
Josh Dunne,F,CBJ,79:45:00,8,9:58,0,0,0,-6,3
Sampo Ranta,F,COL,43:57:00,6,7:20,0,0,0,0,5
Lias Andersson,F,LAK,8:37,1,8:37,0,0,0,-1,1
James Hamblin,F,EDM,88:26:00,10,8:51,0,0,0,-3,10
Jake Leschyshyn,F,NYR,319:00:00,35,9:07,0,0,0,-9,34
Semyon Der-Arguchintsev,F,TOR,7:13,1,7:13,0,0,0,1,0
Hayden Hodgson,F,PHI,4:46,1,4:46,0,0,0,0,0
Gabriel Fortier,F,TBL,8:25,1,8:25,0,0,0,0,0
Vinni Lettieri,F,BOS,9:50,1,9:50,0,0,0,-1,1
Mike Hardman,F,CHI,80:28:00,8,10:03,0,0,0,-2,7
Connor McMichael,F,WSH,53:27:00,6,8:55,0,0,0,0,2
Nathan Smith,F,ARI,29:40:00,4,7:25,0,0,0,-1,2
Tyce Thompson,F,NJD,17:13,2,8:37,0,0,0,-1,0
Jan Jenik,F,ARI,11:48,2,5:54,0,0,0,0,0
Hugh Mcging,F,STL,9:36,1,9:36,0,0,0,0,0
Taro Hirose,F,DET,30:58:00,3,10:19,0,0,0,-2,2
Anton Levtchi,F,FLA,19:07,2,9:34,0,0,0,0,1
Alex Turcotte,F,LAK,27:55:00,4,6:59,0,0,0,-2,2
Sheldon Rempal,F,VGK,7:48,1,7:48,0,0,0,-2,0
Filip Hållander,F,PIT,19:56,2,9:58,0,0,0,0,0
Will Cuylle,F,NYR,27:53:00,4,6:58,0,0,0,-2,1
Jean-Luc Foudy,F,COL,90:11:00,9,10:01,0,0,0,-3,12
Tristen Robins,F,SJS,41:01:00,3,13:40,0,0,0,-1,2
Elliot Desnoyers,F,PHI,55:45:00,4,13:56,0,0,0,-2,2
William Dufour,F,NYI,6:46,1,6:46,0,0,0,-2,0
Jeffrey Truchon-Viel,F,SJS,36:34:00,4,9:08,0,0,0,0,4
Adam Raska,F,SJS,35:43:00,3,11:54,0,0,0,0,0
Adam Beckman,F,MIN,96:05:00,9,10:41,0,0,0,-2,14
Oskar Olausson,F,COL,7:04,1,7:04,0,0,0,0,0
Matthew Coronato,F,CGY,14:38,1,14:38,0,0,0,1,4
Cal Burke,F,COL,17:34,2,8:47,0,0,0,-1,2
Marco Kasper,F,DET,15:02,1,15:02,0,0,0,0,1
Owen Beck,F,MTL,9:48,1,9:48,0,0,0,-1,0
